id,is_churned,recency_days,frequency_180d,monetary_180d,r_score,f_score,m_score,risk_points,risk_segment
825,0,1,577.0,50086.82,2.0,3.0,4.0,9.0,Medium
1746,0,0,280.0,29880.34,2.0,2.0,3.0,11.0,High
1718,0,0,1298.0,48223.08,2.0,4.0,4.0,8.0,Medium
708,0,0,430.0,65178.01,2.0,3.0,4.0,9.0,Medium
1164,0,0,446.0,45169.48,2.0,3.0,4.0,9.0,Medium
68,0,0,605.0,36980.29,2.0,3.0,4.0,9.0,Medium
1075,0,0,1038.0,42405.85,2.0,4.0,4.0,8.0,Medium
1711,0,18200,0.0,0.0,1.0,1.0,1.0,15.0,High
1116,0,0,794.0,50966.74,2.0,4.0,4.0,8.0,Medium
1752,0,0,881.0,47066.75,2.0,4.0,4.0,8.0,Medium
192,0,18200,0.0,0.0,1.0,1.0,1.0,15.0,High
640,0,18200,0.0,0.0,1.0,1.0,1.0,15.0,High
1679,0,18200,0.0,0.0,1.0,1.0,1.0,15.0,High
1094,0,0,274.0,19203.0,2.0,2.0,2.0,12.0,High
1590,0,18200,0.0,0.0,1.0,1.0,1.0,15.0,High
1660,0,0,475.0,17048.42,2.0,3.0,2.0,11.0,High
1747,0,18200,0.0,0.0,1.0,1.0,1.0,15.0,High
153,0,0,189.0,16464.78,2.0,2.0,2.0,12.0,High
429,0,18200,0.0,0.0,1.0,1.0,1.0,15.0,High
511,0,0,1160.0,59924.75,2.0,4.0,4.0,8.0,Medium
309,0,18200,0.0,0.0,1.0,1.0,1.0,15.0,High
777,0,18200,0.0,0.0,1.0,1.0,1.0,15.0,High
1946,0,0,500.0,18867.69,2.0,3.0,2.0,11.0,High
1674,0,0,252.0,12098.8,2.0,2.0,2.0,12.0,High
482,0,18200,0.0,0.0,1.0,1.0,1.0,15.0,High
877,0,0,482.0,35506.07,2.0,3.0,4.0,9.0,Medium
128,0,0,401.0,22202.92,2.0,2.0,3.0,11.0,High
775,0,18200,0.0,0.0,1.0,1.0,1.0,15.0,High
1536,0,18200,0.0,0.0,1.0,1.0,1.0,15.0,High
140,0,0,589.0,23078.3,2.0,3.0,3.0,10.0,Medium
1884,0,18200,0.0,0.0,1.0,1.0,1.0,15.0,High
1874,0,0,427.0,20735.7,2.0,3.0,3.0,10.0,Medium
1310,0,18200,0.0,0.0,1.0,1.0,1.0,15.0,High
1689,0,18200,0.0,0.0,1.0,1.0,1.0,15.0,High
379,0,0,1243.0,36750.36,2.0,4.0,4.0,8.0,Medium
34,0,0,652.0,31233.06,2.0,4.0,3.0,9.0,Medium
822,0,0,351.0,16527.37,2.0,2.0,2.0,12.0,High
1499,0,0,226.0,12725.68,2.0,2.0,2.0,12.0,High
1780,0,18200,0.0,0.0,1.0,1.0,1.0,15.0,High
1806,0,18200,0.0,0.0,1.0,1.0,1.0,15.0,High
811,0,0,673.0,48831.04,2.0,4.0,4.0,8.0,Medium
1844,0,0,506.0,19514.22,2.0,3.0,2.0,11.0,High
1852,0,0,910.0,47424.99,2.0,4.0,4.0,8.0,Medium
1231,0,18200,0.0,0.0,1.0,1.0,1.0,15.0,High
970,0,0,676.0,24581.829999999998,2.0,4.0,3.0,9.0,Medium
381,0,18200,0.0,0.0,1.0,1.0,1.0,15.0,High
1134,0,18200,0.0,0.0,1.0,1.0,1.0,15.0,High
1296,0,0,1067.0,27099.17,2.0,4.0,3.0,9.0,Medium
1880,0,0,572.0,24582.77,2.0,3.0,3.0,10.0,Medium
322,0,0,308.0,9057.5,2.0,2.0,2.0,12.0,High
461,0,0,1134.0,46919.27,2.0,4.0,4.0,8.0,Medium
1165,0,18200,0.0,0.0,1.0,1.0,1.0,15.0,High
1448,0,0,954.0,40665.67,2.0,4.0,4.0,8.0,Medium
1288,0,0,531.0,30704.57,2.0,3.0,3.0,10.0,Medium
1178,0,18200,0.0,0.0,1.0,1.0,1.0,15.0,High
1391,0,0,1015.0,46364.69,2.0,4.0,4.0,8.0,Medium
838,0,18200,0.0,0.0,1.0,1.0,1.0,15.0,High
54,0,18200,0.0,0.0,1.0,1.0,1.0,15.0,High
1452,0,0,1270.0,105733.7,2.0,4.0,4.0,8.0,Medium
1602,0,2,217.0,12638.25,2.0,2.0,2.0,12.0,High
1938,0,18200,0.0,0.0,1.0,1.0,1.0,15.0,High
1492,0,0,634.0,30205.73,2.0,4.0,3.0,9.0,Medium
688,0,0,652.0,22256.01,2.0,4.0,3.0,9.0,Medium
749,0,18200,0.0,0.0,1.0,1.0,1.0,15.0,High
643,0,0,633.0,21172.57,2.0,4.0,3.0,9.0,Medium
1219,0,0,501.0,36144.97,2.0,3.0,4.0,9.0,Medium
1198,0,0,860.0,35235.39,2.0,4.0,4.0,8.0,Medium
898,0,0,416.0,14405.33,2.0,2.0,2.0,12.0,High
882,0,0,403.0,18420.14,2.0,2.0,2.0,12.0,High
348,0,0,245.0,15560.91,2.0,2.0,2.0,12.0,High
633,0,0,241.0,22589.29,2.0,2.0,3.0,11.0,High
1493,0,0,361.0,34248.7,2.0,2.0,4.0,10.0,Medium
1161,0,18200,0.0,0.0,1.0,1.0,1.0,15.0,High
217,0,0,531.0,19291.13,2.0,3.0,2.0,11.0,High
1877,0,0,659.0,47680.39,2.0,4.0,4.0,8.0,Medium
668,0,0,673.0,19959.18,2.0,4.0,2.0,10.0,Medium
533,0,18200,0.0,0.0,1.0,1.0,1.0,15.0,High
203,0,0,321.0,23376.56,2.0,2.0,3.0,11.0,High
1738,0,18200,0.0,0.0,1.0,1.0,1.0,15.0,High
713,0,18200,0.0,0.0,1.0,1.0,1.0,15.0,High
1631,0,18200,0.0,0.0,1.0,1.0,1.0,15.0,High
1487,0,0,638.0,60397.15,2.0,4.0,4.0,8.0,Medium
1265,0,18200,0.0,0.0,1.0,1.0,1.0,15.0,High
370,0,0,401.0,15304.73,2.0,2.0,2.0,12.0,High
1014,0,18200,0.0,0.0,1.0,1.0,1.0,15.0,High
290,0,18200,0.0,0.0,1.0,1.0,1.0,15.0,High
985,0,0,561.0,51807.52,2.0,3.0,4.0,9.0,Medium
135,0,0,791.0,44322.78,2.0,4.0,4.0,8.0,Medium
307,0,18200,0.0,0.0,1.0,1.0,1.0,15.0,High
1783,0,0,578.0,16837.39,2.0,3.0,2.0,11.0,High
1321,0,18200,0.0,0.0,1.0,1.0,1.0,15.0,High
1511,0,0,567.0,22755.77,2.0,3.0,3.0,10.0,Medium
900,0,0,446.0,25409.13,2.0,3.0,3.0,10.0,Medium
953,0,18200,0.0,0.0,1.0,1.0,1.0,15.0,High
233,0,0,373.0,34737.97,2.0,2.0,4.0,10.0,Medium
406,0,18200,0.0,0.0,1.0,1.0,1.0,15.0,High
1069,0,0,639.0,27502.99,2.0,4.0,3.0,9.0,Medium
180,0,0,310.0,10612.24,2.0,2.0,2.0,12.0,High
996,0,0,810.0,38735.19,2.0,4.0,4.0,8.0,Medium
1866,0,18200,0.0,0.0,1.0,1.0,1.0,15.0,High
1981,0,1,314.0,25518.19,2.0,2.0,3.0,11.0,High
870,0,0,620.0,28534.02,2.0,4.0,3.0,9.0,Medium
16,0,0,348.0,24718.63,2.0,2.0,3.0,11.0,High
46,0,0,462.0,29094.22,2.0,3.0,3.0,10.0,Medium
800,0,18200,0.0,0.0,1.0,1.0,1.0,15.0,High
1968,0,18200,0.0,0.0,1.0,1.0,1.0,15.0,High
697,0,0,224.0,20994.45,2.0,2.0,3.0,11.0,High
1269,0,0,679.0,32268.71,2.0,4.0,3.0,9.0,Medium
1782,0,0,298.0,15682.17,2.0,2.0,2.0,12.0,High
1977,0,0,596.0,25464.25,2.0,3.0,3.0,10.0,Medium
1734,0,18200,0.0,0.0,1.0,1.0,1.0,15.0,High
1913,0,0,545.0,31601.95,2.0,3.0,3.0,10.0,Medium
858,0,0,810.0,47344.97,2.0,4.0,4.0,8.0,Medium
606,0,18200,0.0,0.0,1.0,1.0,1.0,15.0,High
1564,0,0,429.0,19456.95,2.0,3.0,2.0,11.0,High
1109,0,18200,0.0,0.0,1.0,1.0,1.0,15.0,High
1301,0,0,786.0,32586.94,2.0,4.0,3.0,9.0,Medium
1399,0,18200,0.0,0.0,1.0,1.0,1.0,15.0,High
1775,0,0,1529.0,82053.56,2.0,4.0,4.0,8.0,Medium
1673,0,18200,0.0,0.0,1.0,1.0,1.0,15.0,High
1957,1,2464,0.0,0.0,1.0,1.0,1.0,15.0,High
1033,0,18200,0.0,0.0,1.0,1.0,1.0,15.0,High
1024,0,0,803.0,25523.57,2.0,4.0,3.0,9.0,Medium
1441,0,18200,0.0,0.0,1.0,1.0,1.0,15.0,High
1103,0,0,646.0,28490.39,2.0,4.0,3.0,9.0,Medium
431,0,18200,0.0,0.0,1.0,1.0,1.0,15.0,High
165,0,0,744.0,69440.08,2.0,4.0,4.0,8.0,Medium
353,0,18200,0.0,0.0,1.0,1.0,1.0,15.0,High
1758,0,0,702.0,17724.02,2.0,4.0,2.0,10.0,Medium
1266,0,0,334.0,17968.98,2.0,2.0,2.0,12.0,High
1943,0,18200,0.0,0.0,1.0,1.0,1.0,15.0,High
792,0,18200,0.0,0.0,1.0,1.0,1.0,15.0,High
1055,0,18200,0.0,0.0,1.0,1.0,1.0,15.0,High
1159,0,18200,0.0,0.0,1.0,1.0,1.0,15.0,High
1115,0,0,611.0,37855.62,2.0,3.0,4.0,9.0,Medium
38,0,0,689.0,32697.42,2.0,4.0,4.0,8.0,Medium
1027,0,0,388.0,34081.9,2.0,2.0,4.0,10.0,Medium
11,0,0,519.0,35253.05,2.0,3.0,4.0,9.0,Medium
871,0,0,880.0,34485.64,2.0,4.0,4.0,8.0,Medium
746,0,0,579.0,23320.37,2.0,3.0,3.0,10.0,Medium
1520,0,0,592.0,22985.23,2.0,3.0,3.0,10.0,Medium
1372,0,18200,0.0,0.0,1.0,1.0,1.0,15.0,High
1799,0,0,930.0,49453.62,2.0,4.0,4.0,8.0,Medium
1905,0,2,253.0,17934.93,2.0,2.0,2.0,12.0,High
130,0,18200,0.0,0.0,1.0,1.0,1.0,15.0,High
1990,0,18200,0.0,0.0,1.0,1.0,1.0,15.0,High
593,0,18200,0.0,0.0,1.0,1.0,1.0,15.0,High
540,0,18200,0.0,0.0,1.0,1.0,1.0,15.0,High
1155,0,0,647.0,34443.24,2.0,4.0,4.0,8.0,Medium
663,0,0,604.0,29276.08,2.0,3.0,3.0,10.0,Medium
1987,1,1369,0.0,0.0,1.0,1.0,1.0,15.0,High
1484,0,0,761.0,32793.01,2.0,4.0,4.0,8.0,Medium
417,0,18200,0.0,0.0,1.0,1.0,1.0,15.0,High
298,0,18200,0.0,0.0,1.0,1.0,1.0,15.0,High
306,0,18200,0.0,0.0,1.0,1.0,1.0,15.0,High
607,0,18200,0.0,0.0,1.0,1.0,1.0,15.0,High
1769,0,0,898.0,29126.37,2.0,4.0,3.0,9.0,Medium
698,0,18200,0.0,0.0,1.0,1.0,1.0,15.0,High
896,0,18200,0.0,0.0,1.0,1.0,1.0,15.0,High
1975,0,0,415.0,18425.1,2.0,2.0,2.0,12.0,High
645,0,18200,0.0,0.0,1.0,1.0,1.0,15.0,High
227,0,0,492.0,41831.3,2.0,3.0,4.0,9.0,Medium
84,0,0,654.0,23577.75,2.0,4.0,3.0,9.0,Medium
1684,0,0,764.0,30492.93,2.0,4.0,3.0,9.0,Medium
745,0,18200,0.0,0.0,1.0,1.0,1.0,15.0,High
1508,0,0,334.0,12417.81,2.0,2.0,2.0,12.0,High
1158,0,18200,0.0,0.0,1.0,1.0,1.0,15.0,High
1427,0,0,407.0,28601.670000000002,2.0,2.0,3.0,11.0,High
352,0,18200,0.0,0.0,1.0,1.0,1.0,15.0,High
1948,0,18200,0.0,0.0,1.0,1.0,1.0,15.0,High
724,0,1,320.0,20185.71,2.0,2.0,2.0,12.0,High
543,0,1,424.0,26645.2,2.0,2.0,3.0,11.0,High
1559,0,0,1573.0,71611.55,2.0,4.0,4.0,8.0,Medium
1199,0,18200,0.0,0.0,1.0,1.0,1.0,15.0,High
1745,0,18200,0.0,0.0,1.0,1.0,1.0,15.0,High
1950,0,18200,0.0,0.0,1.0,1.0,1.0,15.0,High
1397,0,0,468.0,18317.01,2.0,3.0,2.0,11.0,High
873,0,18200,0.0,0.0,1.0,1.0,1.0,15.0,High
1728,0,1,250.0,18823.48,2.0,2.0,2.0,12.0,High
299,0,1,202.0,12622.59,2.0,2.0,2.0,12.0,High
1742,0,0,495.0,25233.89,2.0,3.0,3.0,10.0,Medium
1004,0,18200,0.0,0.0,1.0,1.0,1.0,15.0,High
301,0,0,592.0,22083.57,2.0,3.0,3.0,10.0,Medium
1011,0,18200,0.0,0.0,1.0,1.0,1.0,15.0,High
906,0,0,426.0,22487.66,2.0,2.0,3.0,11.0,High
110,0,0,331.0,27409.49,2.0,2.0,3.0,11.0,High
1073,0,0,496.0,25128.94,2.0,3.0,3.0,10.0,Medium
705,0,0,1005.0,54825.79,2.0,4.0,4.0,8.0,Medium
820,0,0,664.0,33122.02,2.0,4.0,4.0,8.0,Medium
1188,0,18200,0.0,0.0,1.0,1.0,1.0,15.0,High
1128,0,0,393.0,19987.37,2.0,2.0,2.0,12.0,High
1479,0,1,291.0,13775.17,2.0,2.0,2.0,12.0,High
1594,0,0,459.0,18310.5,2.0,3.0,2.0,11.0,High
1485,0,0,596.0,22079.87,2.0,3.0,3.0,10.0,Medium
1390,0,18200,0.0,0.0,1.0,1.0,1.0,15.0,High
644,0,0,302.0,17071.54,2.0,2.0,2.0,12.0,High
1912,0,18200,0.0,0.0,1.0,1.0,1.0,15.0,High
1584,0,0,281.0,15657.9,2.0,2.0,2.0,12.0,High
1803,0,18200,0.0,0.0,1.0,1.0,1.0,15.0,High
1824,0,18200,0.0,0.0,1.0,1.0,1.0,15.0,High
340,0,18200,0.0,0.0,1.0,1.0,1.0,15.0,High
650,0,0,315.0,18651.25,2.0,2.0,2.0,12.0,High
762,0,0,516.0,23522.64,2.0,3.0,3.0,10.0,Medium
1061,0,18200,0.0,0.0,1.0,1.0,1.0,15.0,High
1931,0,0,903.0,68491.42,2.0,4.0,4.0,8.0,Medium
702,0,0,694.0,47963.29,2.0,4.0,4.0,8.0,Medium
918,0,0,443.0,21791.5,2.0,3.0,3.0,10.0,Medium
1137,0,0,357.0,18406.29,2.0,2.0,2.0,12.0,High
66,0,18200,0.0,0.0,1.0,1.0,1.0,15.0,High
1406,0,1,401.0,10330.35,2.0,2.0,2.0,12.0,High
437,0,0,423.0,30514.14,2.0,2.0,3.0,11.0,High
806,0,18200,0.0,0.0,1.0,1.0,1.0,15.0,High
891,0,0,635.0,26539.82,2.0,4.0,3.0,9.0,Medium
1191,0,18200,0.0,0.0,1.0,1.0,1.0,15.0,High
701,0,18200,0.0,0.0,1.0,1.0,1.0,15.0,High
1147,0,0,1195.0,54004.3,2.0,4.0,4.0,8.0,Medium
1625,0,18200,0.0,0.0,1.0,1.0,1.0,15.0,High
1664,0,0,965.0,28774.72,2.0,4.0,3.0,9.0,Medium
1273,0,18200,0.0,0.0,1.0,1.0,1.0,15.0,High
1009,0,0,347.0,11899.16,2.0,2.0,2.0,12.0,High
1341,0,0,653.0,23283.35,2.0,4.0,3.0,9.0,Medium
925,0,18200,0.0,0.0,1.0,1.0,1.0,15.0,High
824,0,18200,0.0,0.0,1.0,1.0,1.0,15.0,High
563,0,0,892.0,46873.23,2.0,4.0,4.0,8.0,Medium
1612,0,18200,0.0,0.0,1.0,1.0,1.0,15.0,High
1700,0,1,345.0,9212.0,2.0,2.0,2.0,12.0,High
963,0,0,403.0,18104.27,2.0,2.0,2.0,12.0,High
904,0,18200,0.0,0.0,1.0,1.0,1.0,15.0,High
1586,0,0,598.0,40087.8,2.0,3.0,4.0,9.0,Medium
1286,0,0,714.0,40801.47,2.0,4.0,4.0,8.0,Medium
719,0,0,567.0,26017.04,2.0,3.0,3.0,10.0,Medium
1469,0,18200,0.0,0.0,1.0,1.0,1.0,15.0,High
930,0,18200,0.0,0.0,1.0,1.0,1.0,15.0,High
1814,0,18200,0.0,0.0,1.0,1.0,1.0,15.0,High
1723,0,0,314.0,14858.28,2.0,2.0,2.0,12.0,High
1377,0,18200,0.0,0.0,1.0,1.0,1.0,15.0,High
470,0,0,507.0,29074.47,2.0,3.0,3.0,10.0,Medium
1804,0,18200,0.0,0.0,1.0,1.0,1.0,15.0,High
229,0,0,552.0,26832.06,2.0,3.0,3.0,10.0,Medium
1512,0,0,565.0,26634.89,2.0,3.0,3.0,10.0,Medium
1543,0,0,1111.0,63997.5,2.0,4.0,4.0,8.0,Medium
147,0,0,409.0,27956.57,2.0,2.0,3.0,11.0,High
1941,0,0,1005.0,45687.31,2.0,4.0,4.0,8.0,Medium
901,0,0,344.0,14472.26,2.0,2.0,2.0,12.0,High
191,0,18200,0.0,0.0,1.0,1.0,1.0,15.0,High
12,0,18200,0.0,0.0,1.0,1.0,1.0,15.0,High
1828,0,18200,0.0,0.0,1.0,1.0,1.0,15.0,High
29,0,18200,0.0,0.0,1.0,1.0,1.0,15.0,High
181,0,18200,0.0,0.0,1.0,1.0,1.0,15.0,High
995,0,18200,0.0,0.0,1.0,1.0,1.0,15.0,High
1218,0,18200,0.0,0.0,1.0,1.0,1.0,15.0,High
186,0,18200,0.0,0.0,1.0,1.0,1.0,15.0,High
171,0,0,866.0,68127.57,2.0,4.0,4.0,8.0,Medium
1401,0,18200,0.0,0.0,1.0,1.0,1.0,15.0,High
1314,0,0,926.0,42045.48,2.0,4.0,4.0,8.0,Medium
1560,0,3,288.0,17200.41,2.0,2.0,2.0,12.0,High
613,0,0,608.0,25161.79,2.0,3.0,3.0,10.0,Medium
346,0,0,437.0,28612.99,2.0,3.0,3.0,10.0,Medium
812,0,18200,0.0,0.0,1.0,1.0,1.0,15.0,High
13,0,1,383.0,18479.75,2.0,2.0,2.0,12.0,High
602,0,0,723.0,33348.86,2.0,4.0,4.0,8.0,Medium
657,0,0,332.0,11731.3,2.0,2.0,2.0,12.0,High
909,0,0,2135.0,119062.74,2.0,4.0,4.0,8.0,Medium
183,0,18200,0.0,0.0,1.0,1.0,1.0,15.0,High
1792,0,18200,0.0,0.0,1.0,1.0,1.0,15.0,High
1599,0,18200,0.0,0.0,1.0,1.0,1.0,15.0,High
1267,0,0,271.0,21974.91,2.0,2.0,3.0,11.0,High
411,0,18200,0.0,0.0,1.0,1.0,1.0,15.0,High
350,0,0,614.0,43266.83,2.0,3.0,4.0,9.0,Medium
1323,0,0,579.0,31070.22,2.0,3.0,3.0,10.0,Medium
934,0,18200,0.0,0.0,1.0,1.0,1.0,15.0,High
421,0,0,969.0,33172.24,2.0,4.0,4.0,8.0,Medium
223,0,18200,0.0,0.0,1.0,1.0,1.0,15.0,High
1402,0,18200,0.0,0.0,1.0,1.0,1.0,15.0,High
1650,0,18200,0.0,0.0,1.0,1.0,1.0,15.0,High
354,0,0,473.0,22768.29,2.0,3.0,3.0,10.0,Medium
314,0,18200,0.0,0.0,1.0,1.0,1.0,15.0,High
1457,0,18200,0.0,0.0,1.0,1.0,1.0,15.0,High
1613,0,0,496.0,34609.45,2.0,3.0,4.0,9.0,Medium
945,0,18200,0.0,0.0,1.0,1.0,1.0,15.0,High
586,0,0,476.0,18943.62,2.0,3.0,2.0,11.0,High
119,0,3,374.0,25967.18,2.0,2.0,3.0,11.0,High
1312,0,18200,0.0,0.0,1.0,1.0,1.0,15.0,High
1529,0,0,835.0,36015.63,2.0,4.0,4.0,8.0,Medium
326,0,18200,0.0,0.0,1.0,1.0,1.0,15.0,High
1596,0,0,644.0,40891.97,2.0,4.0,4.0,8.0,Medium
714,0,0,458.0,16577.41,2.0,3.0,2.0,11.0,High
887,0,18200,0.0,0.0,1.0,1.0,1.0,15.0,High
1425,0,0,598.0,23711.04,2.0,3.0,3.0,10.0,Medium
1645,0,0,510.0,26853.1,2.0,3.0,3.0,10.0,Medium
1863,0,0,478.0,32936.07,2.0,3.0,4.0,9.0,Medium
1576,0,0,738.0,39065.5,2.0,4.0,4.0,8.0,Medium
1268,0,0,215.0,13673.03,2.0,2.0,2.0,12.0,High
1565,0,18200,0.0,0.0,1.0,1.0,1.0,15.0,High
1842,0,0,643.0,35439.38,2.0,4.0,4.0,8.0,Medium
664,0,18200,0.0,0.0,1.0,1.0,1.0,15.0,High
485,0,18200,0.0,0.0,1.0,1.0,1.0,15.0,High
244,0,0,241.0,14371.65,2.0,2.0,2.0,12.0,High
145,0,0,388.0,12956.67,2.0,2.0,2.0,12.0,High
866,0,0,476.0,22099.95,2.0,3.0,3.0,10.0,Medium
1424,0,0,774.0,42189.19,2.0,4.0,4.0,8.0,Medium
427,0,0,413.0,21433.13,2.0,2.0,3.0,11.0,High
684,0,0,355.0,18738.75,2.0,2.0,2.0,12.0,High
1643,0,18200,0.0,0.0,1.0,1.0,1.0,15.0,High
1300,0,0,693.0,18784.75,2.0,4.0,2.0,10.0,Medium
283,0,18200,0.0,0.0,1.0,1.0,1.0,15.0,High
355,0,18200,0.0,0.0,1.0,1.0,1.0,15.0,High
1669,0,0,340.0,24128.4,2.0,2.0,3.0,11.0,High
937,0,18200,0.0,0.0,1.0,1.0,1.0,15.0,High
845,0,0,523.0,25325.38,2.0,3.0,3.0,10.0,Medium
1518,0,0,373.0,21700.63,2.0,2.0,3.0,11.0,High
1591,0,0,1161.0,37537.96,2.0,4.0,4.0,8.0,Medium
1172,0,18200,0.0,0.0,1.0,1.0,1.0,15.0,High
1629,0,0,793.0,25197.99,2.0,4.0,3.0,9.0,Medium
675,0,0,512.0,20786.23,2.0,3.0,3.0,10.0,Medium
577,0,0,594.0,20465.59,2.0,3.0,3.0,10.0,Medium
854,0,18200,0.0,0.0,1.0,1.0,1.0,15.0,High
1261,0,0,408.0,29127.99,2.0,2.0,3.0,11.0,High
1227,0,0,669.0,31234.74,2.0,4.0,3.0,9.0,Medium
840,0,0,786.0,108594.75,2.0,4.0,4.0,8.0,Medium
733,0,0,766.0,59342.51,2.0,4.0,4.0,8.0,Medium
454,0,18200,0.0,0.0,1.0,1.0,1.0,15.0,High
961,0,0,647.0,36121.75,2.0,4.0,4.0,8.0,Medium
768,0,18200,0.0,0.0,1.0,1.0,1.0,15.0,High
817,0,18200,0.0,0.0,1.0,1.0,1.0,15.0,High
78,1,1126,0.0,0.0,1.0,1.0,1.0,15.0,High
1334,0,0,347.0,15126.460000000001,2.0,2.0,2.0,12.0,High
1610,0,0,685.0,19381.25,2.0,4.0,2.0,10.0,Medium
108,0,18200,0.0,0.0,1.0,1.0,1.0,15.0,High
1308,0,18200,0.0,0.0,1.0,1.0,1.0,15.0,High
780,0,0,438.0,15702.88,2.0,3.0,2.0,11.0,High
1340,0,0,1115.0,104034.45,2.0,4.0,4.0,8.0,Medium
1888,0,0,1995.0,157086.26,2.0,4.0,4.0,8.0,Medium
247,0,0,774.0,56293.39,2.0,4.0,4.0,8.0,Medium
238,0,18200,0.0,0.0,1.0,1.0,1.0,15.0,High
915,0,18200,0.0,0.0,1.0,1.0,1.0,15.0,High
1927,0,18200,0.0,0.0,1.0,1.0,1.0,15.0,High
1658,0,18200,0.0,0.0,1.0,1.0,1.0,15.0,High
1208,0,0,585.0,22439.26,2.0,3.0,3.0,10.0,Medium
1255,0,18200,0.0,0.0,1.0,1.0,1.0,15.0,High
85,0,18200,0.0,0.0,1.0,1.0,1.0,15.0,High
1382,0,0,1139.0,56950.27,2.0,4.0,4.0,8.0,Medium
1932,0,18200,0.0,0.0,1.0,1.0,1.0,15.0,High
1217,0,0,316.0,27134.19,2.0,2.0,3.0,11.0,High
514,0,0,488.0,23222.95,2.0,3.0,3.0,10.0,Medium
232,0,18200,0.0,0.0,1.0,1.0,1.0,15.0,High
445,0,18200,0.0,0.0,1.0,1.0,1.0,15.0,High
1206,0,18200,0.0,0.0,1.0,1.0,1.0,15.0,High
1276,0,1,236.0,18071.8,2.0,2.0,2.0,12.0,High
875,0,0,173.0,9032.1,2.0,1.0,2.0,13.0,High
1546,0,0,371.0,19179.84,2.0,2.0,2.0,12.0,High
422,0,18200,0.0,0.0,1.0,1.0,1.0,15.0,High
519,0,0,447.0,12227.95,2.0,3.0,2.0,11.0,High
1408,0,18200,0.0,0.0,1.0,1.0,1.0,15.0,High
1204,0,0,325.0,21365.28,2.0,2.0,3.0,11.0,High
276,0,18200,0.0,0.0,1.0,1.0,1.0,15.0,High
1133,0,0,458.0,20714.03,2.0,3.0,3.0,10.0,Medium
1035,0,18200,0.0,0.0,1.0,1.0,1.0,15.0,High
710,0,18200,0.0,0.0,1.0,1.0,1.0,15.0,High
582,0,0,314.0,24169.66,2.0,2.0,3.0,11.0,High
821,0,0,304.0,11340.16,2.0,2.0,2.0,12.0,High
1352,0,0,277.0,14954.65,2.0,2.0,2.0,12.0,High
831,0,0,392.0,22918.02,2.0,2.0,3.0,11.0,High
936,0,18200,0.0,0.0,1.0,1.0,1.0,15.0,High
578,0,18200,0.0,0.0,1.0,1.0,1.0,15.0,High
1997,0,0,552.0,39198.0,2.0,3.0,4.0,9.0,Medium
258,0,18200,0.0,0.0,1.0,1.0,1.0,15.0,High
851,0,1,349.0,16254.18,2.0,2.0,2.0,12.0,High
1951,0,18200,0.0,0.0,1.0,1.0,1.0,15.0,High
1978,0,18200,0.0,0.0,1.0,1.0,1.0,15.0,High
1897,0,0,687.0,37673.28,2.0,4.0,4.0,8.0,Medium
972,0,0,696.0,49432.44,2.0,4.0,4.0,8.0,Medium
1010,0,18200,0.0,0.0,1.0,1.0,1.0,15.0,High
1243,0,0,452.0,38884.81,2.0,3.0,4.0,9.0,Medium
1976,0,0,619.0,44227.04,2.0,4.0,4.0,8.0,Medium
91,0,18200,0.0,0.0,1.0,1.0,1.0,15.0,High
1606,0,1,233.0,25152.8,2.0,2.0,3.0,11.0,High
1201,0,0,403.0,43817.81,2.0,2.0,4.0,10.0,Medium
1887,0,18200,0.0,0.0,1.0,1.0,1.0,15.0,High
195,0,18200,0.0,0.0,1.0,1.0,1.0,15.0,High
874,0,18200,0.0,0.0,1.0,1.0,1.0,15.0,High
1317,0,0,446.0,16312.61,2.0,3.0,2.0,11.0,High
1311,0,18200,0.0,0.0,1.0,1.0,1.0,15.0,High
785,0,18200,0.0,0.0,1.0,1.0,1.0,15.0,High
662,0,0,792.0,45891.81,2.0,4.0,4.0,8.0,Medium
847,0,0,610.0,37083.22,2.0,3.0,4.0,9.0,Medium
685,0,18200,0.0,0.0,1.0,1.0,1.0,15.0,High
617,0,18200,0.0,0.0,1.0,1.0,1.0,15.0,High
23,0,18200,0.0,0.0,1.0,1.0,1.0,15.0,High
339,0,18200,0.0,0.0,1.0,1.0,1.0,15.0,High
280,0,0,486.0,33213.15,2.0,3.0,4.0,9.0,Medium
1473,0,0,346.0,15115.17,2.0,2.0,2.0,12.0,High
65,0,0,447.0,20375.02,2.0,3.0,2.0,11.0,High
1353,0,1,289.0,18893.27,2.0,2.0,2.0,12.0,High
736,0,18200,0.0,0.0,1.0,1.0,1.0,15.0,High
1670,0,0,459.0,28081.59,2.0,3.0,3.0,10.0,Medium
1776,0,0,2157.0,119089.9,2.0,4.0,4.0,8.0,Medium
1474,0,18200,0.0,0.0,1.0,1.0,1.0,15.0,High
951,0,0,591.0,17747.91,2.0,3.0,2.0,11.0,High
1818,0,0,972.0,54044.71,2.0,4.0,4.0,8.0,Medium
1450,0,18200,0.0,0.0,1.0,1.0,1.0,15.0,High
1524,0,18200,0.0,0.0,1.0,1.0,1.0,15.0,High
1789,0,0,546.0,22097.68,2.0,3.0,3.0,10.0,Medium
767,0,18200,0.0,0.0,1.0,1.0,1.0,15.0,High
678,0,0,349.0,11779.26,2.0,2.0,2.0,12.0,High
471,0,18200,0.0,0.0,1.0,1.0,1.0,15.0,High
757,0,0,528.0,32493.96,2.0,3.0,3.0,10.0,Medium
1724,0,18200,0.0,0.0,1.0,1.0,1.0,15.0,High
1603,0,0,555.0,20448.89,2.0,3.0,2.0,11.0,High
224,0,18200,0.0,0.0,1.0,1.0,1.0,15.0,High
808,0,0,586.0,47793.51,2.0,3.0,4.0,9.0,Medium
1326,0,0,383.0,26356.07,2.0,2.0,3.0,11.0,High
158,0,18200,0.0,0.0,1.0,1.0,1.0,15.0,High
1928,0,0,490.0,27456.35,2.0,3.0,3.0,10.0,Medium
1575,0,0,1516.0,79814.02,2.0,4.0,4.0,8.0,Medium
1608,0,18200,0.0,0.0,1.0,1.0,1.0,15.0,High
1455,0,0,448.0,12316.1,2.0,3.0,2.0,11.0,High
1916,0,0,334.0,16732.06,2.0,2.0,2.0,12.0,High
1617,1,2222,0.0,0.0,1.0,1.0,1.0,15.0,High
143,0,18200,0.0,0.0,1.0,1.0,1.0,15.0,High
1176,0,0,805.0,39013.27,2.0,4.0,4.0,8.0,Medium
1194,0,0,766.0,29849.59,2.0,4.0,3.0,9.0,Medium
423,0,18200,0.0,0.0,1.0,1.0,1.0,15.0,High
580,0,0,868.0,34608.54,2.0,4.0,4.0,8.0,Medium
4,0,0,760.0,37091.72,2.0,4.0,4.0,8.0,Medium
530,0,0,679.0,17285.85,2.0,4.0,2.0,10.0,Medium
1826,0,0,365.0,5710.78,2.0,2.0,2.0,12.0,High
595,0,0,247.0,12097.27,2.0,2.0,2.0,12.0,High
1022,0,0,542.0,36189.81,2.0,3.0,4.0,9.0,Medium
1108,0,18200,0.0,0.0,1.0,1.0,1.0,15.0,High
246,0,0,337.0,39377.16,2.0,2.0,4.0,10.0,Medium
270,0,18200,0.0,0.0,1.0,1.0,1.0,15.0,High
1945,0,0,246.0,15842.64,2.0,2.0,2.0,12.0,High
1540,0,0,1141.0,46541.63,2.0,4.0,4.0,8.0,Medium
1149,0,18200,0.0,0.0,1.0,1.0,1.0,15.0,High
1438,0,18200,0.0,0.0,1.0,1.0,1.0,15.0,High
409,0,18200,0.0,0.0,1.0,1.0,1.0,15.0,High
694,0,18200,0.0,0.0,1.0,1.0,1.0,15.0,High
382,0,18200,0.0,0.0,1.0,1.0,1.0,15.0,High
629,0,0,418.0,30768.03,2.0,2.0,3.0,11.0,High
1211,0,0,275.0,17077.51,2.0,2.0,2.0,12.0,High
823,0,0,351.0,21422.44,2.0,2.0,3.0,11.0,High
1304,0,18200,0.0,0.0,1.0,1.0,1.0,15.0,High
89,0,0,633.0,21845.14,2.0,4.0,3.0,9.0,Medium
1751,0,18200,0.0,0.0,1.0,1.0,1.0,15.0,High
888,0,2,217.0,15910.96,2.0,2.0,2.0,12.0,High
81,0,0,727.0,37550.93,2.0,4.0,4.0,8.0,Medium
1021,0,18200,0.0,0.0,1.0,1.0,1.0,15.0,High
826,0,0,222.0,20297.44,2.0,2.0,2.0,12.0,High
87,0,0,678.0,26230.2,2.0,4.0,3.0,9.0,Medium
1833,0,1,512.0,26654.95,2.0,3.0,3.0,10.0,Medium
829,0,18200,0.0,0.0,1.0,1.0,1.0,15.0,High
1879,1,519,0.0,0.0,1.0,1.0,1.0,15.0,High
236,0,0,372.0,35040.42,2.0,2.0,4.0,10.0,Medium
1619,0,0,280.0,10225.09,2.0,2.0,2.0,12.0,High
1146,0,18200,0.0,0.0,1.0,1.0,1.0,15.0,High
803,0,0,683.0,25635.98,2.0,4.0,3.0,9.0,Medium
193,0,18200,0.0,0.0,1.0,1.0,1.0,15.0,High
1686,0,0,1036.0,111737.07,2.0,4.0,4.0,8.0,Medium
1959,0,0,270.0,28979.11,2.0,2.0,3.0,11.0,High
1342,0,18200,0.0,0.0,1.0,1.0,1.0,15.0,High
1371,0,0,619.0,19304.19,2.0,4.0,2.0,10.0,Medium
1067,0,0,702.0,25985.88,2.0,4.0,3.0,9.0,Medium
1019,0,0,470.0,30454.63,2.0,3.0,3.0,10.0,Medium
1568,0,1,485.0,34138.0,2.0,3.0,4.0,9.0,Medium
1765,0,0,443.0,29301.93,2.0,3.0,3.0,10.0,Medium
1875,0,0,391.0,26265.51,2.0,2.0,3.0,11.0,High
1111,0,18200,0.0,0.0,1.0,1.0,1.0,15.0,High
1160,0,18200,0.0,0.0,1.0,1.0,1.0,15.0,High
1574,0,18200,0.0,0.0,1.0,1.0,1.0,15.0,High
189,0,18200,0.0,0.0,1.0,1.0,1.0,15.0,High
466,0,18200,0.0,0.0,1.0,1.0,1.0,15.0,High
659,0,0,609.0,25665.53,2.0,3.0,3.0,10.0,Medium
942,0,1,643.0,42382.73,2.0,4.0,4.0,8.0,Medium
1234,0,0,636.0,11424.07,2.0,4.0,2.0,10.0,Medium
841,0,18200,0.0,0.0,1.0,1.0,1.0,15.0,High
1388,0,18200,0.0,0.0,1.0,1.0,1.0,15.0,High
1056,0,18200,0.0,0.0,1.0,1.0,1.0,15.0,High
345,0,0,293.0,17589.1,2.0,2.0,2.0,12.0,High
308,0,18200,0.0,0.0,1.0,1.0,1.0,15.0,High
1922,0,18200,0.0,0.0,1.0,1.0,1.0,15.0,High
1156,0,0,694.0,66681.41,2.0,4.0,4.0,8.0,Medium
561,0,0,589.0,21558.3,2.0,3.0,3.0,10.0,Medium
507,0,18200,0.0,0.0,1.0,1.0,1.0,15.0,High
1522,0,18200,0.0,0.0,1.0,1.0,1.0,15.0,High
695,0,18200,0.0,0.0,1.0,1.0,1.0,15.0,High
285,0,0,1607.0,86174.75,2.0,4.0,4.0,8.0,Medium
113,0,1,287.0,27098.69,2.0,2.0,3.0,11.0,High
1039,0,0,773.0,32667.35,2.0,4.0,3.0,9.0,Medium
176,0,0,720.0,36656.09,2.0,4.0,4.0,8.0,Medium
1104,0,0,713.0,40818.86,2.0,4.0,4.0,8.0,Medium
946,0,0,644.0,19319.65,2.0,4.0,2.0,10.0,Medium
1465,0,18200,0.0,0.0,1.0,1.0,1.0,15.0,High
25,0,18200,0.0,0.0,1.0,1.0,1.0,15.0,High
571,0,0,776.0,32107.98,2.0,4.0,3.0,9.0,Medium
1396,0,18200,0.0,0.0,1.0,1.0,1.0,15.0,High
599,0,18200,0.0,0.0,1.0,1.0,1.0,15.0,High
1074,0,0,254.0,17982.26,2.0,2.0,2.0,12.0,High
214,0,18200,0.0,0.0,1.0,1.0,1.0,15.0,High
771,0,0,294.0,21823.26,2.0,2.0,3.0,11.0,High
520,0,0,521.0,27031.24,2.0,3.0,3.0,10.0,Medium
288,0,18200,0.0,0.0,1.0,1.0,1.0,15.0,High
1979,0,0,245.0,23233.46,2.0,2.0,3.0,11.0,High
1253,0,0,988.0,62602.24,2.0,4.0,4.0,8.0,Medium
311,0,0,303.0,14709.21,2.0,2.0,2.0,12.0,High
1346,0,18200,0.0,0.0,1.0,1.0,1.0,15.0,High
1622,0,0,528.0,32276.8,2.0,3.0,3.0,10.0,Medium
852,0,0,1068.0,56387.6,2.0,4.0,4.0,8.0,Medium
1394,0,0,642.0,26100.91,2.0,4.0,3.0,9.0,Medium
957,0,0,564.0,36263.26,2.0,3.0,4.0,9.0,Medium
515,0,0,459.0,12160.11,2.0,3.0,2.0,11.0,High
1303,0,5,206.0,21148.41,1.0,2.0,3.0,12.0,High
1287,0,18200,0.0,0.0,1.0,1.0,1.0,15.0,High
296,0,18200,0.0,0.0,1.0,1.0,1.0,15.0,High
1059,0,18200,0.0,0.0,1.0,1.0,1.0,15.0,High
1378,0,0,648.0,32120.42,2.0,4.0,3.0,9.0,Medium
1297,0,18200,0.0,0.0,1.0,1.0,1.0,15.0,High
1727,0,0,1595.0,91198.23,2.0,4.0,4.0,8.0,Medium
310,0,18200,0.0,0.0,1.0,1.0,1.0,15.0,High
673,0,18200,0.0,0.0,1.0,1.0,1.0,15.0,High
1283,0,0,541.0,38273.66,2.0,3.0,4.0,9.0,Medium
1239,0,0,567.0,22439.04,2.0,3.0,3.0,10.0,Medium
1691,0,18200,0.0,0.0,1.0,1.0,1.0,15.0,High
1078,0,0,565.0,40060.29,2.0,3.0,4.0,9.0,Medium
124,0,0,530.0,18828.39,2.0,3.0,2.0,11.0,High
99,0,18200,0.0,0.0,1.0,1.0,1.0,15.0,High
1722,0,18200,0.0,0.0,1.0,1.0,1.0,15.0,High
562,0,18200,0.0,0.0,1.0,1.0,1.0,15.0,High
750,0,0,249.0,11902.42,2.0,2.0,2.0,12.0,High
1223,0,0,265.0,46856.16,2.0,2.0,4.0,10.0,Medium
1319,0,18200,0.0,0.0,1.0,1.0,1.0,15.0,High
575,0,0,456.0,23572.52,2.0,3.0,3.0,10.0,Medium
428,0,0,519.0,28648.75,2.0,3.0,3.0,10.0,Medium
828,0,0,1036.0,34691.77,2.0,4.0,4.0,8.0,Medium
1580,0,18200,0.0,0.0,1.0,1.0,1.0,15.0,High
1570,0,18200,0.0,0.0,1.0,1.0,1.0,15.0,High
846,0,0,955.0,45887.35,2.0,4.0,4.0,8.0,Medium
666,0,18200,0.0,0.0,1.0,1.0,1.0,15.0,High
335,0,0,520.0,34986.31,2.0,3.0,4.0,9.0,Medium
639,0,0,1048.0,29867.56,2.0,4.0,3.0,9.0,Medium
386,0,0,871.0,48461.6,2.0,4.0,4.0,8.0,Medium
886,0,18200,0.0,0.0,1.0,1.0,1.0,15.0,High
297,0,18200,0.0,0.0,1.0,1.0,1.0,15.0,High
1860,0,18200,0.0,0.0,1.0,1.0,1.0,15.0,High
581,0,0,406.0,16620.05,2.0,2.0,2.0,12.0,High
1910,0,0,953.0,32423.86,2.0,4.0,3.0,9.0,Medium
731,0,2,245.0,20751.24,2.0,2.0,3.0,11.0,High
21,0,1,440.0,26205.8,2.0,3.0,3.0,10.0,Medium
273,0,0,444.0,27374.07,2.0,3.0,3.0,10.0,Medium
63,0,0,790.0,20859.3,2.0,4.0,3.0,9.0,Medium
786,0,18200,0.0,0.0,1.0,1.0,1.0,15.0,High
1886,0,18200,0.0,0.0,1.0,1.0,1.0,15.0,High
103,0,1,227.0,13219.210000000001,2.0,2.0,2.0,12.0,High
1193,0,0,652.0,22649.99,2.0,4.0,3.0,9.0,Medium
585,0,0,706.0,25720.1,2.0,4.0,3.0,9.0,Medium
1532,0,18200,0.0,0.0,1.0,1.0,1.0,15.0,High
1958,0,0,480.0,22427.07,2.0,3.0,3.0,10.0,Medium
744,0,1,429.0,17442.51,2.0,3.0,2.0,11.0,High
1836,0,18200,0.0,0.0,1.0,1.0,1.0,15.0,High
477,0,1,485.0,33405.0,2.0,3.0,4.0,9.0,Medium
1713,0,18200,0.0,0.0,1.0,1.0,1.0,15.0,High
1506,0,18200,0.0,0.0,1.0,1.0,1.0,15.0,High
357,0,0,543.0,33214.11,2.0,3.0,4.0,9.0,Medium
535,0,18200,0.0,0.0,1.0,1.0,1.0,15.0,High
778,0,18200,0.0,0.0,1.0,1.0,1.0,15.0,High
950,0,18200,0.0,0.0,1.0,1.0,1.0,15.0,High
1080,0,0,620.0,20212.13,2.0,4.0,2.0,10.0,Medium
1197,0,18200,0.0,0.0,1.0,1.0,1.0,15.0,High
711,0,31,496.0,34492.92,1.0,3.0,4.0,10.0,Medium
1731,0,0,197.0,12874.62,2.0,2.0,2.0,12.0,High
451,0,0,333.0,16808.18,2.0,2.0,2.0,12.0,High
1290,0,18200,0.0,0.0,1.0,1.0,1.0,15.0,High
1817,0,0,857.0,56537.08,2.0,4.0,4.0,8.0,Medium
56,0,18200,0.0,0.0,1.0,1.0,1.0,15.0,High
1383,0,0,617.0,36140.84,2.0,3.0,4.0,9.0,Medium
1915,0,0,666.0,43992.71,2.0,4.0,4.0,8.0,Medium
1882,0,0,250.0,17606.11,2.0,2.0,2.0,12.0,High
1467,0,1,613.0,27099.61,2.0,3.0,3.0,10.0,Medium
1791,0,0,351.0,18027.02,2.0,2.0,2.0,12.0,High
447,0,0,370.0,12031.51,2.0,2.0,2.0,12.0,High
1640,0,0,206.0,16775.2,2.0,2.0,2.0,12.0,High
636,0,1,264.0,12542.39,2.0,2.0,2.0,12.0,High
782,0,0,1062.0,61158.02,2.0,4.0,4.0,8.0,Medium
316,0,0,478.0,41369.44,2.0,3.0,4.0,9.0,Medium
1192,0,0,360.0,9417.88,2.0,2.0,2.0,12.0,High
787,0,18200,0.0,0.0,1.0,1.0,1.0,15.0,High
251,0,18200,0.0,0.0,1.0,1.0,1.0,15.0,High
1351,0,18200,0.0,0.0,1.0,1.0,1.0,15.0,High
490,0,0,1046.0,77893.94,2.0,4.0,4.0,8.0,Medium
1935,0,18200,0.0,0.0,1.0,1.0,1.0,15.0,High
387,1,1553,0.0,0.0,1.0,1.0,1.0,15.0,High
869,0,0,359.0,18010.1,2.0,2.0,2.0,12.0,High
1865,0,18200,0.0,0.0,1.0,1.0,1.0,15.0,High
268,0,18200,0.0,0.0,1.0,1.0,1.0,15.0,High
1124,0,18200,0.0,0.0,1.0,1.0,1.0,15.0,High
721,0,0,520.0,15659.68,2.0,3.0,2.0,11.0,High
813,0,18200,0.0,0.0,1.0,1.0,1.0,15.0,High
152,0,0,453.0,48193.52,2.0,3.0,4.0,9.0,Medium
1896,0,0,729.0,28193.53,2.0,4.0,3.0,9.0,Medium
1028,0,0,702.0,50438.78,2.0,4.0,4.0,8.0,Medium
922,0,18200,0.0,0.0,1.0,1.0,1.0,15.0,High
549,0,0,291.0,24821.34,2.0,2.0,3.0,11.0,High
565,0,0,743.0,37795.09,2.0,4.0,4.0,8.0,Medium
1980,0,1,254.0,17458.07,2.0,2.0,2.0,12.0,High
1494,0,0,351.0,12354.61,2.0,2.0,2.0,12.0,High
1809,0,0,908.0,38385.33,2.0,4.0,4.0,8.0,Medium
637,0,0,817.0,45889.11,2.0,4.0,4.0,8.0,Medium
1770,0,0,488.0,20361.89,2.0,3.0,2.0,11.0,High
527,0,18200,0.0,0.0,1.0,1.0,1.0,15.0,High
1139,0,18200,0.0,0.0,1.0,1.0,1.0,15.0,High
1459,0,0,1010.0,41282.53,2.0,4.0,4.0,8.0,Medium
1544,0,0,646.0,39582.24,2.0,4.0,4.0,8.0,Medium
1174,0,18200,0.0,0.0,1.0,1.0,1.0,15.0,High
112,0,0,1575.0,58502.12,2.0,4.0,4.0,8.0,Medium
369,0,0,642.0,53049.34,2.0,4.0,4.0,8.0,Medium
994,0,0,376.0,11708.08,2.0,2.0,2.0,12.0,High
1592,0,18200,0.0,0.0,1.0,1.0,1.0,15.0,High
1029,0,0,292.0,21497.98,2.0,2.0,3.0,11.0,High
1680,0,0,460.0,23829.93,2.0,3.0,3.0,10.0,Medium
1052,0,0,506.0,44788.96,2.0,3.0,4.0,9.0,Medium
494,0,0,432.0,18503.64,2.0,3.0,2.0,11.0,High
94,0,0,729.0,35215.02,2.0,4.0,4.0,8.0,Medium
425,0,0,1008.0,60822.41,2.0,4.0,4.0,8.0,Medium
1720,0,0,385.0,30673.03,2.0,2.0,3.0,11.0,High
1699,0,0,883.0,49727.88,2.0,4.0,4.0,8.0,Medium
1495,0,0,603.0,36904.53,2.0,3.0,4.0,9.0,Medium
1005,0,18200,0.0,0.0,1.0,1.0,1.0,15.0,High
439,0,18200,0.0,0.0,1.0,1.0,1.0,15.0,High
1285,0,0,582.0,47569.29,2.0,3.0,4.0,9.0,Medium
1973,0,0,269.0,19943.22,2.0,2.0,2.0,12.0,High
448,0,18200,0.0,0.0,1.0,1.0,1.0,15.0,High
1907,0,18200,0.0,0.0,1.0,1.0,1.0,15.0,High
73,0,0,341.0,31248.56,2.0,2.0,3.0,11.0,High
1097,0,0,407.0,19577.23,2.0,2.0,2.0,12.0,High
1644,0,0,682.0,26520.48,2.0,4.0,3.0,9.0,Medium
967,0,18200,0.0,0.0,1.0,1.0,1.0,15.0,High
1929,0,18200,0.0,0.0,1.0,1.0,1.0,15.0,High
1114,0,0,429.0,18842.27,2.0,3.0,2.0,11.0,High
1087,0,0,357.0,15741.65,2.0,2.0,2.0,12.0,High
95,0,18200,0.0,0.0,1.0,1.0,1.0,15.0,High
1778,0,18200,0.0,0.0,1.0,1.0,1.0,15.0,High
1031,0,0,414.0,26536.35,2.0,2.0,3.0,11.0,High
788,0,18200,0.0,0.0,1.0,1.0,1.0,15.0,High
728,0,1,323.0,17479.89,2.0,2.0,2.0,12.0,High
1639,0,0,617.0,55267.62,2.0,3.0,4.0,9.0,Medium
1587,0,0,624.0,60673.03,2.0,4.0,4.0,8.0,Medium
1883,0,18200,0.0,0.0,1.0,1.0,1.0,15.0,High
712,0,0,425.0,19499.09,2.0,2.0,2.0,12.0,High
1414,0,18200,0.0,0.0,1.0,1.0,1.0,15.0,High
243,0,18200,0.0,0.0,1.0,1.0,1.0,15.0,High
146,0,0,367.0,27859.27,2.0,2.0,3.0,11.0,High
715,0,18200,0.0,0.0,1.0,1.0,1.0,15.0,High
1489,0,18200,0.0,0.0,1.0,1.0,1.0,15.0,High
1232,0,18200,0.0,0.0,1.0,1.0,1.0,15.0,High
842,0,18200,0.0,0.0,1.0,1.0,1.0,15.0,High
486,0,18200,0.0,0.0,1.0,1.0,1.0,15.0,High
763,0,0,659.0,49901.28,2.0,4.0,4.0,8.0,Medium
154,0,0,951.0,63087.08,2.0,4.0,4.0,8.0,Medium
704,0,0,1113.0,94738.56,2.0,4.0,4.0,8.0,Medium
1409,0,18200,0.0,0.0,1.0,1.0,1.0,15.0,High
1601,0,18200,0.0,0.0,1.0,1.0,1.0,15.0,High
729,0,0,491.0,27393.19,2.0,3.0,3.0,10.0,Medium
1016,0,1,115.0,3659.42,2.0,1.0,1.0,14.0,High
1214,0,0,592.0,37244.05,2.0,3.0,4.0,9.0,Medium
1760,0,18200,0.0,0.0,1.0,1.0,1.0,15.0,High
927,0,18200,0.0,0.0,1.0,1.0,1.0,15.0,High
1667,0,18200,0.0,0.0,1.0,1.0,1.0,15.0,High
1796,0,18200,0.0,0.0,1.0,1.0,1.0,15.0,High
179,0,18200,0.0,0.0,1.0,1.0,1.0,15.0,High
395,0,0,352.0,22543.62,2.0,2.0,3.0,11.0,High
513,0,18200,0.0,0.0,1.0,1.0,1.0,15.0,High
187,0,18200,0.0,0.0,1.0,1.0,1.0,15.0,High
491,0,1,178.0,11980.22,2.0,2.0,2.0,12.0,High
1153,0,0,231.0,4503.04,2.0,2.0,2.0,12.0,High
377,0,0,636.0,37866.97,2.0,4.0,4.0,8.0,Medium
850,0,0,693.0,26625.6,2.0,4.0,3.0,9.0,Medium
1186,0,18200,0.0,0.0,1.0,1.0,1.0,15.0,High
1694,0,0,533.0,35135.04,2.0,3.0,4.0,9.0,Medium
716,0,0,715.0,31050.65,2.0,4.0,3.0,9.0,Medium
1131,0,0,505.0,48179.18,2.0,3.0,4.0,9.0,Medium
1719,0,0,580.0,24326.67,2.0,3.0,3.0,10.0,Medium
254,0,0,977.0,65131.9,2.0,4.0,4.0,8.0,Medium
226,0,18200,0.0,0.0,1.0,1.0,1.0,15.0,High
1307,0,0,431.0,41364.6,2.0,3.0,4.0,9.0,Medium
1095,0,0,281.0,18919.53,2.0,2.0,2.0,12.0,High
1729,0,18200,0.0,0.0,1.0,1.0,1.0,15.0,High
1466,0,0,774.0,25500.66,2.0,4.0,3.0,9.0,Medium
1226,0,0,478.0,34201.67,2.0,3.0,4.0,9.0,Medium
1755,0,0,753.0,23740.06,2.0,4.0,3.0,9.0,Medium
475,0,18200,0.0,0.0,1.0,1.0,1.0,15.0,High
1956,0,0,386.0,16057.02,2.0,2.0,2.0,12.0,High
706,0,0,395.0,32733.31,2.0,2.0,4.0,10.0,Medium
474,0,0,923.0,55264.97,2.0,4.0,4.0,8.0,Medium
1259,0,0,572.0,53122.97,2.0,3.0,4.0,9.0,Medium
320,0,0,231.0,19307.01,2.0,2.0,2.0,12.0,High
93,0,18200,0.0,0.0,1.0,1.0,1.0,15.0,High
1182,0,18200,0.0,0.0,1.0,1.0,1.0,15.0,High
150,0,0,569.0,41367.75,2.0,3.0,4.0,9.0,Medium
1327,0,18200,0.0,0.0,1.0,1.0,1.0,15.0,High
784,0,18200,0.0,0.0,1.0,1.0,1.0,15.0,High
1471,0,0,426.0,19909.27,2.0,2.0,2.0,12.0,High
367,0,18200,0.0,0.0,1.0,1.0,1.0,15.0,High
1050,0,0,1008.0,45233.46,2.0,4.0,4.0,8.0,Medium
207,0,0,229.0,12990.369999999999,2.0,2.0,2.0,12.0,High
1838,0,18200,0.0,0.0,1.0,1.0,1.0,15.0,High
798,0,0,326.0,32078.36,2.0,2.0,3.0,11.0,High
1207,0,0,835.0,50141.49,2.0,4.0,4.0,8.0,Medium
1012,0,0,238.0,14196.06,2.0,2.0,2.0,12.0,High
844,0,0,205.0,13477.619999999999,2.0,2.0,2.0,12.0,High
334,0,0,231.0,17966.5,2.0,2.0,2.0,12.0,High
815,0,18200,0.0,0.0,1.0,1.0,1.0,15.0,High
1100,0,0,457.0,45642.86,2.0,3.0,4.0,9.0,Medium
407,0,18200,0.0,0.0,1.0,1.0,1.0,15.0,High
1244,0,18200,0.0,0.0,1.0,1.0,1.0,15.0,High
1740,0,0,533.0,26332.14,2.0,3.0,3.0,10.0,Medium
1754,0,18200,0.0,0.0,1.0,1.0,1.0,15.0,High
1184,0,0,545.0,28508.02,2.0,3.0,3.0,10.0,Medium
1440,0,18200,0.0,0.0,1.0,1.0,1.0,15.0,High
200,0,0,507.0,23861.03,2.0,3.0,3.0,10.0,Medium
1446,0,0,374.0,19942.77,2.0,2.0,2.0,12.0,High
1263,0,0,396.0,19468.12,2.0,2.0,2.0,12.0,High
1483,0,18200,0.0,0.0,1.0,1.0,1.0,15.0,High
1085,0,18200,0.0,0.0,1.0,1.0,1.0,15.0,High
1961,0,18200,0.0,0.0,1.0,1.0,1.0,15.0,High
776,0,0,482.0,57828.55,2.0,3.0,4.0,9.0,Medium
890,0,0,444.0,21226.81,2.0,3.0,3.0,10.0,Medium
1445,0,0,731.0,20659.48,2.0,4.0,3.0,9.0,Medium
74,0,0,338.0,17163.02,2.0,2.0,2.0,12.0,High
1216,0,18200,0.0,0.0,1.0,1.0,1.0,15.0,High
797,0,0,352.0,18331.82,2.0,2.0,2.0,12.0,High
610,0,18200,0.0,0.0,1.0,1.0,1.0,15.0,High
1917,0,0,617.0,46299.55,2.0,3.0,4.0,9.0,Medium
975,0,18200,0.0,0.0,1.0,1.0,1.0,15.0,High
109,0,18200,0.0,0.0,1.0,1.0,1.0,15.0,High
547,0,0,497.0,17761.39,2.0,3.0,2.0,11.0,High
347,0,18200,0.0,0.0,1.0,1.0,1.0,15.0,High
201,0,0,166.0,9861.94,2.0,1.0,2.0,13.0,High
1368,0,18200,0.0,0.0,1.0,1.0,1.0,15.0,High
1547,0,18200,0.0,0.0,1.0,1.0,1.0,15.0,High
1812,0,0,601.0,55991.17,2.0,3.0,4.0,9.0,Medium
1379,0,0,987.0,40545.95,2.0,4.0,4.0,8.0,Medium
82,0,18200,0.0,0.0,1.0,1.0,1.0,15.0,High
1053,0,0,636.0,49260.43,2.0,4.0,4.0,8.0,Medium
1893,0,18200,0.0,0.0,1.0,1.0,1.0,15.0,High
955,0,0,273.0,8937.22,2.0,2.0,2.0,12.0,High
856,0,0,712.0,69417.68,2.0,4.0,4.0,8.0,Medium
1361,0,0,442.0,21187.2,2.0,3.0,3.0,10.0,Medium
261,0,0,598.0,40194.77,2.0,3.0,4.0,9.0,Medium
64,0,0,522.0,35600.66,2.0,3.0,4.0,9.0,Medium
1864,0,18200,0.0,0.0,1.0,1.0,1.0,15.0,High
1768,0,18200,0.0,0.0,1.0,1.0,1.0,15.0,High
1151,0,1,290.0,4087.51,2.0,2.0,1.0,13.0,High
356,0,0,897.0,40754.62,2.0,4.0,4.0,8.0,Medium
1393,0,0,592.0,27676.08,2.0,3.0,3.0,10.0,Medium
865,0,0,591.0,38568.38,2.0,3.0,4.0,9.0,Medium
1914,0,18200,0.0,0.0,1.0,1.0,1.0,15.0,High
1641,0,18200,0.0,0.0,1.0,1.0,1.0,15.0,High
707,0,18200,0.0,0.0,1.0,1.0,1.0,15.0,High
3,0,0,310.0,17823.47,2.0,2.0,2.0,12.0,High
754,0,0,717.0,39337.12,2.0,4.0,4.0,8.0,Medium
148,0,0,562.0,22193.35,2.0,3.0,3.0,10.0,Medium
127,0,0,508.0,39140.14,2.0,3.0,4.0,9.0,Medium
1675,0,0,472.0,36444.45,2.0,3.0,4.0,9.0,Medium
747,0,0,478.0,14793.99,2.0,3.0,2.0,11.0,High
1942,0,0,292.0,2918.05,2.0,2.0,1.0,13.0,High
452,0,0,802.0,42897.98,2.0,4.0,4.0,8.0,Medium
1157,0,18200,0.0,0.0,1.0,1.0,1.0,15.0,High
1534,0,0,1060.0,61809.52,2.0,4.0,4.0,8.0,Medium
1086,0,0,273.0,26081.41,2.0,2.0,3.0,11.0,High
1984,0,18200,0.0,0.0,1.0,1.0,1.0,15.0,High
835,0,18200,0.0,0.0,1.0,1.0,1.0,15.0,High
758,0,0,708.0,12094.75,2.0,4.0,2.0,10.0,Medium
1795,0,18200,0.0,0.0,1.0,1.0,1.0,15.0,High
1221,0,0,544.0,21643.98,2.0,3.0,3.0,10.0,Medium
1821,0,18200,0.0,0.0,1.0,1.0,1.0,15.0,High
1248,0,0,432.0,17466.47,2.0,3.0,2.0,11.0,High
1900,0,18200,0.0,0.0,1.0,1.0,1.0,15.0,High
597,0,0,843.0,69942.3,2.0,4.0,4.0,8.0,Medium
1620,0,18200,0.0,0.0,1.0,1.0,1.0,15.0,High
1213,0,0,384.0,20862.36,2.0,2.0,3.0,11.0,High
619,0,0,374.0,20517.55,2.0,2.0,3.0,11.0,High
1043,0,18200,0.0,0.0,1.0,1.0,1.0,15.0,High
394,0,0,1078.0,41207.85,2.0,4.0,4.0,8.0,Medium
1376,0,0,651.0,31987.44,2.0,4.0,3.0,9.0,Medium
834,0,18200,0.0,0.0,1.0,1.0,1.0,15.0,High
837,0,0,381.0,22054.19,2.0,2.0,3.0,11.0,High
1257,0,1,272.0,14239.83,2.0,2.0,2.0,12.0,High
1966,0,0,1249.0,49870.97,2.0,4.0,4.0,8.0,Medium
358,0,18200,0.0,0.0,1.0,1.0,1.0,15.0,High
912,0,0,602.0,22871.39,2.0,3.0,3.0,10.0,Medium
605,0,0,871.0,22122.05,2.0,4.0,3.0,9.0,Medium
1362,0,0,386.0,28077.22,2.0,2.0,3.0,11.0,High
1513,0,0,689.0,42392.99,2.0,4.0,4.0,8.0,Medium
1521,0,0,307.0,16045.54,2.0,2.0,2.0,12.0,High
564,0,0,585.0,26780.35,2.0,3.0,3.0,10.0,Medium
1309,0,18200,0.0,0.0,1.0,1.0,1.0,15.0,High
1583,0,0,443.0,11562.6,2.0,3.0,2.0,11.0,High
1885,0,0,916.0,52053.65,2.0,4.0,4.0,8.0,Medium
1566,0,18200,0.0,0.0,1.0,1.0,1.0,15.0,High
401,0,0,685.0,23436.09,2.0,4.0,3.0,9.0,Medium
15,0,18200,0.0,0.0,1.0,1.0,1.0,15.0,High
1666,0,0,666.0,16112.95,2.0,4.0,2.0,10.0,Medium
509,0,0,543.0,17971.68,2.0,3.0,2.0,11.0,High
954,0,0,1024.0,50435.74,2.0,4.0,4.0,8.0,Medium
832,0,0,271.0,22438.82,2.0,2.0,3.0,11.0,High
1046,0,0,882.0,53068.66,2.0,4.0,4.0,8.0,Medium
630,0,0,997.0,78130.77,2.0,4.0,4.0,8.0,Medium
1561,0,0,503.0,45040.24,2.0,3.0,4.0,9.0,Medium
1548,0,18200,0.0,0.0,1.0,1.0,1.0,15.0,High
221,0,18200,0.0,0.0,1.0,1.0,1.0,15.0,High
1991,0,18200,0.0,0.0,1.0,1.0,1.0,15.0,High
1328,0,18200,0.0,0.0,1.0,1.0,1.0,15.0,High
1901,0,0,742.0,43265.28,2.0,4.0,4.0,8.0,Medium
665,0,0,601.0,26689.34,2.0,3.0,3.0,10.0,Medium
442,0,0,695.0,43327.54,2.0,4.0,4.0,8.0,Medium
1626,0,0,633.0,38098.4,2.0,4.0,4.0,8.0,Medium
1539,0,18200,0.0,0.0,1.0,1.0,1.0,15.0,High
601,0,0,433.0,16109.65,2.0,3.0,2.0,11.0,High
541,0,18200,0.0,0.0,1.0,1.0,1.0,15.0,High
210,0,18200,0.0,0.0,1.0,1.0,1.0,15.0,High
206,0,0,266.0,18055.98,2.0,2.0,2.0,12.0,High
926,0,18200,0.0,0.0,1.0,1.0,1.0,15.0,High
115,0,0,459.0,36245.03,2.0,3.0,4.0,9.0,Medium
1779,0,0,570.0,20906.45,2.0,3.0,3.0,10.0,Medium
248,0,0,280.0,13633.65,2.0,2.0,2.0,12.0,High
1003,0,0,879.0,86082.45,2.0,4.0,4.0,8.0,Medium
294,0,18200,0.0,0.0,1.0,1.0,1.0,15.0,High
118,0,0,327.0,19141.46,2.0,2.0,2.0,12.0,High
292,0,18200,0.0,0.0,1.0,1.0,1.0,15.0,High
755,0,0,293.0,13490.83,2.0,2.0,2.0,12.0,High
1878,0,18200,0.0,0.0,1.0,1.0,1.0,15.0,High
1432,0,0,763.0,34873.62,2.0,4.0,4.0,8.0,Medium
456,0,0,710.0,30186.09,2.0,4.0,3.0,9.0,Medium
623,0,0,343.0,29348.170000000002,2.0,2.0,3.0,11.0,High
1426,0,18200,0.0,0.0,1.0,1.0,1.0,15.0,High
47,0,0,558.0,20056.41,2.0,3.0,2.0,11.0,High
760,0,0,646.0,26517.06,2.0,4.0,3.0,9.0,Medium
956,0,18200,0.0,0.0,1.0,1.0,1.0,15.0,High
194,0,0,678.0,42450.95,2.0,4.0,4.0,8.0,Medium
693,0,18200,0.0,0.0,1.0,1.0,1.0,15.0,High
1246,0,0,430.0,19947.31,2.0,3.0,2.0,11.0,High
641,0,0,992.0,38374.67,2.0,4.0,4.0,8.0,Medium
1060,0,0,344.0,20186.19,2.0,2.0,2.0,12.0,High
1292,0,18200,0.0,0.0,1.0,1.0,1.0,15.0,High
1113,0,18200,0.0,0.0,1.0,1.0,1.0,15.0,High
245,0,18200,0.0,0.0,1.0,1.0,1.0,15.0,High
774,0,0,371.0,19670.46,2.0,2.0,2.0,12.0,High
1822,0,18200,0.0,0.0,1.0,1.0,1.0,15.0,High
1209,0,0,907.0,57713.53,2.0,4.0,4.0,8.0,Medium
997,0,0,1588.0,49949.65,2.0,4.0,4.0,8.0,Medium
1180,0,0,683.0,38324.05,2.0,4.0,4.0,8.0,Medium
318,0,18200,0.0,0.0,1.0,1.0,1.0,15.0,High
691,0,18200,0.0,0.0,1.0,1.0,1.0,15.0,High
1993,0,0,450.0,35029.22,2.0,3.0,4.0,9.0,Medium
252,0,0,794.0,30374.510000000002,2.0,4.0,3.0,9.0,Medium
1757,0,0,441.0,19223.26,2.0,3.0,2.0,11.0,High
1324,0,0,474.0,36868.04,2.0,3.0,4.0,9.0,Medium
1557,0,0,255.0,16622.39,2.0,2.0,2.0,12.0,High
1555,0,0,247.0,22506.66,2.0,2.0,3.0,11.0,High
941,0,18200,0.0,0.0,1.0,1.0,1.0,15.0,High
156,0,0,668.0,18390.78,2.0,4.0,2.0,10.0,Medium
24,0,0,439.0,18535.86,2.0,3.0,2.0,11.0,High
302,0,18200,0.0,0.0,1.0,1.0,1.0,15.0,High
949,0,0,498.0,31903.62,2.0,3.0,3.0,10.0,Medium
1281,0,1,245.0,9895.69,2.0,2.0,2.0,12.0,High
1428,0,0,777.0,7554.34,2.0,4.0,2.0,10.0,Medium
433,0,0,618.0,26787.94,2.0,3.0,3.0,10.0,Medium
584,0,0,537.0,15765.55,2.0,3.0,2.0,11.0,High
1832,0,18200,0.0,0.0,1.0,1.0,1.0,15.0,High
222,0,0,251.0,36891.59,2.0,2.0,4.0,10.0,Medium
648,0,0,415.0,8902.84,2.0,2.0,2.0,12.0,High
1939,0,18200,0.0,0.0,1.0,1.0,1.0,15.0,High
722,0,18200,0.0,0.0,1.0,1.0,1.0,15.0,High
1889,0,18200,0.0,0.0,1.0,1.0,1.0,15.0,High
1229,0,0,419.0,30040.7,2.0,2.0,3.0,11.0,High
505,0,18200,0.0,0.0,1.0,1.0,1.0,15.0,High
1083,0,0,1083.0,49149.25,2.0,4.0,4.0,8.0,Medium
1656,0,0,338.0,10404.0,2.0,2.0,2.0,12.0,High
568,0,18200,0.0,0.0,1.0,1.0,1.0,15.0,High
1373,0,18200,0.0,0.0,1.0,1.0,1.0,15.0,High
667,0,0,770.0,39540.23,2.0,4.0,4.0,8.0,Medium
480,0,1,542.0,38045.37,2.0,3.0,4.0,9.0,Medium
569,0,0,317.0,21230.12,2.0,2.0,3.0,11.0,High
1600,0,0,538.0,35691.49,2.0,3.0,4.0,9.0,Medium
1063,0,0,806.0,36250.51,2.0,4.0,4.0,8.0,Medium
32,0,0,412.0,17294.37,2.0,2.0,2.0,12.0,High
1040,0,18200,0.0,0.0,1.0,1.0,1.0,15.0,High
396,0,18200,0.0,0.0,1.0,1.0,1.0,15.0,High
1498,0,0,367.0,17619.19,2.0,2.0,2.0,12.0,High
104,0,0,405.0,25409.25,2.0,2.0,3.0,11.0,High
1062,0,18200,0.0,0.0,1.0,1.0,1.0,15.0,High
1845,0,18200,0.0,0.0,1.0,1.0,1.0,15.0,High
1657,0,18200,0.0,0.0,1.0,1.0,1.0,15.0,High
1106,0,0,623.0,17757.81,2.0,4.0,2.0,10.0,Medium
1867,0,18200,0.0,0.0,1.0,1.0,1.0,15.0,High
1045,0,18200,0.0,0.0,1.0,1.0,1.0,15.0,High
1786,0,0,934.0,25514.56,2.0,4.0,3.0,9.0,Medium
1569,0,0,427.0,26767.16,2.0,3.0,3.0,10.0,Medium
899,0,18200,0.0,0.0,1.0,1.0,1.0,15.0,High
1595,0,0,1312.0,69801.88,2.0,4.0,4.0,8.0,Medium
446,0,18200,0.0,0.0,1.0,1.0,1.0,15.0,High
53,0,0,1313.0,70640.69,2.0,4.0,4.0,8.0,Medium
1136,0,18200,0.0,0.0,1.0,1.0,1.0,15.0,High
551,0,18200,0.0,0.0,1.0,1.0,1.0,15.0,High
1491,0,18200,0.0,0.0,1.0,1.0,1.0,15.0,High
330,0,18200,0.0,0.0,1.0,1.0,1.0,15.0,High
392,0,18200,0.0,0.0,1.0,1.0,1.0,15.0,High
1144,0,0,1030.0,38206.94,2.0,4.0,4.0,8.0,Medium
1163,0,0,224.0,21357.87,2.0,2.0,3.0,11.0,High
230,0,0,359.0,17125.89,2.0,2.0,2.0,12.0,High
1066,0,0,905.0,68481.99,2.0,4.0,4.0,8.0,Medium
460,0,0,627.0,35304.56,2.0,4.0,4.0,8.0,Medium
1661,0,18200,0.0,0.0,1.0,1.0,1.0,15.0,High
1926,0,0,479.0,18571.95,2.0,3.0,2.0,11.0,High
27,0,0,442.0,24579.29,2.0,3.0,3.0,10.0,Medium
365,0,18200,0.0,0.0,1.0,1.0,1.0,15.0,High
50,0,0,329.0,16286.52,2.0,2.0,2.0,12.0,High
653,0,18200,0.0,0.0,1.0,1.0,1.0,15.0,High
743,0,1,291.0,15022.71,2.0,2.0,2.0,12.0,High
999,0,18200,0.0,0.0,1.0,1.0,1.0,15.0,High
940,0,0,554.0,21262.97,2.0,3.0,3.0,10.0,Medium
534,0,0,727.0,34986.78,2.0,4.0,4.0,8.0,Medium
1460,0,18200,0.0,0.0,1.0,1.0,1.0,15.0,High
59,0,0,595.0,18174.28,2.0,3.0,2.0,11.0,High
1908,0,0,759.0,64960.79,2.0,4.0,4.0,8.0,Medium
1436,0,18200,0.0,0.0,1.0,1.0,1.0,15.0,High
1230,0,18200,0.0,0.0,1.0,1.0,1.0,15.0,High
324,0,18200,0.0,0.0,1.0,1.0,1.0,15.0,High
992,0,0,383.0,27753.91,2.0,2.0,3.0,11.0,High
198,0,0,225.0,16860.12,2.0,2.0,2.0,12.0,High
1017,0,18200,0.0,0.0,1.0,1.0,1.0,15.0,High
1813,0,0,553.0,42548.9,2.0,3.0,4.0,9.0,Medium
1989,0,0,859.0,65885.19,2.0,4.0,4.0,8.0,Medium
1148,0,1,423.0,20387.91,2.0,2.0,2.0,12.0,High
872,0,0,750.0,31924.15,2.0,4.0,3.0,9.0,Medium
458,0,0,194.0,17964.72,2.0,2.0,2.0,12.0,High
920,0,0,327.0,9320.35,2.0,2.0,2.0,12.0,High
1598,0,0,243.0,9206.2,2.0,2.0,2.0,12.0,High
1876,0,2,213.0,19406.4,2.0,2.0,2.0,12.0,High
412,0,18200,0.0,0.0,1.0,1.0,1.0,15.0,High
190,0,0,903.0,56008.23,2.0,4.0,4.0,8.0,Medium
163,0,18200,0.0,0.0,1.0,1.0,1.0,15.0,High
567,0,18200,0.0,0.0,1.0,1.0,1.0,15.0,High
503,0,0,509.0,10510.8,2.0,3.0,2.0,11.0,High
469,0,1,605.0,33152.17,2.0,3.0,4.0,9.0,Medium
1851,0,0,293.0,27711.92,2.0,2.0,3.0,11.0,High
1523,0,1,442.0,17277.23,2.0,3.0,2.0,11.0,High
35,0,18200,0.0,0.0,1.0,1.0,1.0,15.0,High
317,1,823,0.0,0.0,1.0,1.0,1.0,15.0,High
1195,0,0,644.0,35237.53,2.0,4.0,4.0,8.0,Medium
1238,0,0,525.0,56526.61,2.0,3.0,4.0,9.0,Medium
432,0,0,458.0,31822.85,2.0,3.0,3.0,10.0,Medium
1082,0,0,330.0,22488.76,2.0,2.0,3.0,11.0,High
120,0,0,233.0,22348.45,2.0,2.0,3.0,11.0,High
1289,1,670,0.0,0.0,1.0,1.0,1.0,15.0,High
1502,0,18200,0.0,0.0,1.0,1.0,1.0,15.0,High
1497,0,0,487.0,22627.27,2.0,3.0,3.0,10.0,Medium
1047,0,0,575.0,34936.8,2.0,3.0,4.0,9.0,Medium
0,0,0,631.0,36499.17,2.0,4.0,4.0,8.0,Medium
351,0,0,443.0,17334.12,2.0,3.0,2.0,11.0,High
1797,0,0,1929.0,97043.71,2.0,4.0,4.0,8.0,Medium
1386,0,18200,0.0,0.0,1.0,1.0,1.0,15.0,High
1122,0,18200,0.0,0.0,1.0,1.0,1.0,15.0,High
255,0,18200,0.0,0.0,1.0,1.0,1.0,15.0,High
765,0,18200,0.0,0.0,1.0,1.0,1.0,15.0,High
703,0,18200,0.0,0.0,1.0,1.0,1.0,15.0,High
1919,0,0,619.0,35276.11,2.0,4.0,4.0,8.0,Medium
791,0,0,331.0,19316.98,2.0,2.0,2.0,12.0,High
199,0,0,518.0,32485.43,2.0,3.0,3.0,10.0,Medium
282,0,0,441.0,14839.23,2.0,3.0,2.0,11.0,High
908,0,0,434.0,18532.32,2.0,3.0,2.0,11.0,High
880,0,18200,0.0,0.0,1.0,1.0,1.0,15.0,High
770,0,18200,0.0,0.0,1.0,1.0,1.0,15.0,High
1169,0,0,1586.0,76635.41,2.0,4.0,4.0,8.0,Medium
522,0,18200,0.0,0.0,1.0,1.0,1.0,15.0,High
1736,0,0,1285.0,56755.04,2.0,4.0,4.0,8.0,Medium
506,0,0,748.0,45491.09,2.0,4.0,4.0,8.0,Medium
131,0,18200,0.0,0.0,1.0,1.0,1.0,15.0,High
76,0,18200,0.0,0.0,1.0,1.0,1.0,15.0,High
249,0,0,403.0,17268.0,2.0,2.0,2.0,12.0,High
1279,0,0,731.0,31046.76,2.0,4.0,3.0,9.0,Medium
1652,0,0,460.0,19101.33,2.0,3.0,2.0,11.0,High
739,0,18200,0.0,0.0,1.0,1.0,1.0,15.0,High
1475,0,0,1034.0,33580.51,2.0,4.0,4.0,8.0,Medium
1251,0,0,633.0,24385.39,2.0,4.0,3.0,9.0,Medium
1119,0,18200,0.0,0.0,1.0,1.0,1.0,15.0,High
592,0,0,1079.0,32700.4,2.0,4.0,4.0,8.0,Medium
692,0,0,479.0,19584.79,2.0,3.0,2.0,11.0,High
1065,0,18200,0.0,0.0,1.0,1.0,1.0,15.0,High
1764,0,0,318.0,20448.99,2.0,2.0,2.0,12.0,High
1830,0,0,529.0,26558.39,2.0,3.0,3.0,10.0,Medium
157,0,0,581.0,27151.19,2.0,3.0,3.0,10.0,Medium
676,0,0,654.0,38912.07,2.0,4.0,4.0,8.0,Medium
1481,0,18200,0.0,0.0,1.0,1.0,1.0,15.0,High
1902,0,0,497.0,24083.19,2.0,3.0,3.0,10.0,Medium
123,0,0,626.0,18576.04,2.0,4.0,2.0,10.0,Medium
1995,0,0,567.0,23566.4,2.0,3.0,3.0,10.0,Medium
1688,0,18200,0.0,0.0,1.0,1.0,1.0,15.0,High
1895,0,0,495.0,18933.09,2.0,3.0,2.0,11.0,High
1891,0,0,432.0,18495.92,2.0,3.0,2.0,11.0,High
453,0,18200,0.0,0.0,1.0,1.0,1.0,15.0,High
341,0,18200,0.0,0.0,1.0,1.0,1.0,15.0,High
1571,0,0,363.0,27792.68,2.0,2.0,3.0,11.0,High
1615,0,0,334.0,15846.26,2.0,2.0,2.0,12.0,High
1647,0,18200,0.0,0.0,1.0,1.0,1.0,15.0,High
680,0,18200,0.0,0.0,1.0,1.0,1.0,15.0,High
52,0,0,1043.0,85247.58,2.0,4.0,4.0,8.0,Medium
1387,0,18200,0.0,0.0,1.0,1.0,1.0,15.0,High
1034,0,0,686.0,52622.14,2.0,4.0,4.0,8.0,Medium
677,0,0,483.0,34191.59,2.0,3.0,4.0,9.0,Medium
440,0,18200,0.0,0.0,1.0,1.0,1.0,15.0,High
338,0,0,656.0,42210.0,2.0,4.0,4.0,8.0,Medium
1120,0,18200,0.0,0.0,1.0,1.0,1.0,15.0,High
1127,0,0,869.0,33798.43,2.0,4.0,4.0,8.0,Medium
1662,0,0,812.0,54644.51,2.0,4.0,4.0,8.0,Medium
1462,0,18200,0.0,0.0,1.0,1.0,1.0,15.0,High
1848,0,18200,0.0,0.0,1.0,1.0,1.0,15.0,High
1444,0,0,625.0,53321.93,2.0,4.0,4.0,8.0,Medium
45,0,1,322.0,8373.9,2.0,2.0,2.0,12.0,High
1102,0,0,789.0,54933.98,2.0,4.0,4.0,8.0,Medium
1636,0,0,427.0,15997.58,2.0,3.0,2.0,11.0,High
502,0,0,1116.0,40487.18,2.0,4.0,4.0,8.0,Medium
1630,0,18200,0.0,0.0,1.0,1.0,1.0,15.0,High
266,0,18200,0.0,0.0,1.0,1.0,1.0,15.0,High
5,0,0,224.0,16569.6,2.0,2.0,2.0,12.0,High
1712,0,0,897.0,35093.21,2.0,4.0,4.0,8.0,Medium
1360,0,0,272.0,14637.67,2.0,2.0,2.0,12.0,High
1013,0,18200,0.0,0.0,1.0,1.0,1.0,15.0,High
993,0,18200,0.0,0.0,1.0,1.0,1.0,15.0,High
642,0,0,306.0,20391.81,2.0,2.0,2.0,12.0,High
1871,0,0,429.0,21513.7,2.0,3.0,3.0,10.0,Medium
1721,0,18200,0.0,0.0,1.0,1.0,1.0,15.0,High
868,0,0,514.0,31779.09,2.0,3.0,3.0,10.0,Medium
1517,0,0,482.0,29480.93,2.0,3.0,3.0,10.0,Medium
364,0,0,587.0,37052.79,2.0,3.0,4.0,9.0,Medium
686,0,18200,0.0,0.0,1.0,1.0,1.0,15.0,High
696,0,0,650.0,53944.3,2.0,4.0,4.0,8.0,Medium
962,0,0,304.0,14863.74,2.0,2.0,2.0,12.0,High
1407,0,0,1118.0,48004.32,2.0,4.0,4.0,8.0,Medium
1015,0,18200,0.0,0.0,1.0,1.0,1.0,15.0,High
1456,0,0,585.0,38196.24,2.0,3.0,4.0,9.0,Medium
1861,0,0,391.0,23524.81,2.0,2.0,3.0,11.0,High
161,0,0,659.0,24035.61,2.0,4.0,3.0,9.0,Medium
263,0,18200,0.0,0.0,1.0,1.0,1.0,15.0,High
1389,0,18200,0.0,0.0,1.0,1.0,1.0,15.0,High
1707,0,18200,0.0,0.0,1.0,1.0,1.0,15.0,High
1374,0,18200,0.0,0.0,1.0,1.0,1.0,15.0,High
1855,0,0,473.0,31149.22,2.0,3.0,3.0,10.0,Medium
867,0,18200,0.0,0.0,1.0,1.0,1.0,15.0,High
274,0,0,384.0,26192.51,2.0,2.0,3.0,11.0,High
1552,0,0,364.0,32922.21,2.0,2.0,4.0,10.0,Medium
635,0,18200,0.0,0.0,1.0,1.0,1.0,15.0,High
1526,0,0,302.0,15234.86,2.0,2.0,2.0,12.0,High
319,0,0,380.0,26297.64,2.0,2.0,3.0,11.0,High
740,0,18200,0.0,0.0,1.0,1.0,1.0,15.0,High
965,0,18200,0.0,0.0,1.0,1.0,1.0,15.0,High
1421,0,0,249.0,16965.92,2.0,2.0,2.0,12.0,High
1538,0,0,540.0,21692.63,2.0,3.0,3.0,10.0,Medium
1101,0,18200,0.0,0.0,1.0,1.0,1.0,15.0,High
92,0,0,606.0,21188.88,2.0,3.0,3.0,10.0,Medium
125,0,0,337.0,11655.27,2.0,2.0,2.0,12.0,High
449,0,0,425.0,18218.3,2.0,2.0,2.0,12.0,High
1173,0,1,461.0,30213.38,2.0,3.0,3.0,10.0,Medium
1810,0,0,420.0,21235.99,2.0,2.0,3.0,11.0,High
1843,0,0,953.0,45409.09,2.0,4.0,4.0,8.0,Medium
1578,0,18200,0.0,0.0,1.0,1.0,1.0,15.0,High
658,0,0,724.0,39386.9,2.0,4.0,4.0,8.0,Medium
1858,0,0,408.0,15377.69,2.0,2.0,2.0,12.0,High
1663,0,18200,0.0,0.0,1.0,1.0,1.0,15.0,High
1503,0,1,314.0,16629.76,2.0,2.0,2.0,12.0,High
725,0,18200,0.0,0.0,1.0,1.0,1.0,15.0,High
1671,0,0,371.0,15271.71,2.0,2.0,2.0,12.0,High
1233,0,18200,0.0,0.0,1.0,1.0,1.0,15.0,High
1271,0,18200,0.0,0.0,1.0,1.0,1.0,15.0,High
473,0,0,335.0,9658.68,2.0,2.0,2.0,12.0,High
1541,0,0,936.0,27494.24,2.0,4.0,3.0,9.0,Medium
149,0,0,472.0,38978.72,2.0,3.0,4.0,9.0,Medium
560,0,18200,0.0,0.0,1.0,1.0,1.0,15.0,High
1006,0,0,528.0,26431.71,2.0,3.0,3.0,10.0,Medium
368,0,0,847.0,34379.62,2.0,4.0,4.0,8.0,Medium
1696,1,610,0.0,0.0,1.0,1.0,1.0,15.0,High
416,0,0,452.0,13870.46,2.0,3.0,2.0,11.0,High
51,0,0,455.0,25300.79,2.0,3.0,3.0,10.0,Medium
196,0,1,328.0,18495.95,2.0,2.0,2.0,12.0,High
690,0,18200,0.0,0.0,1.0,1.0,1.0,15.0,High
1477,0,0,404.0,23410.71,2.0,2.0,3.0,11.0,High
260,0,0,195.0,9457.32,2.0,2.0,2.0,12.0,High
857,0,18200,0.0,0.0,1.0,1.0,1.0,15.0,High
1167,0,18200,0.0,0.0,1.0,1.0,1.0,15.0,High
1358,0,0,307.0,7362.1,2.0,2.0,2.0,12.0,High
1611,0,18200,0.0,0.0,1.0,1.0,1.0,15.0,High
734,0,0,527.0,9813.08,2.0,3.0,2.0,11.0,High
1507,0,0,318.0,13698.33,2.0,2.0,2.0,12.0,High
504,0,18200,0.0,0.0,1.0,1.0,1.0,15.0,High
524,0,1,356.0,16356.89,2.0,2.0,2.0,12.0,High
525,0,0,630.0,28343.08,2.0,4.0,3.0,9.0,Medium
250,0,0,560.0,26383.03,2.0,3.0,3.0,10.0,Medium
479,0,0,564.0,31418.79,2.0,3.0,3.0,10.0,Medium
343,0,0,456.0,17929.74,2.0,3.0,2.0,11.0,High
1196,0,0,432.0,27236.11,2.0,3.0,3.0,10.0,Medium
1530,0,2,249.0,8773.0,2.0,2.0,2.0,12.0,High
1963,0,0,2210.0,66657.6,2.0,4.0,4.0,8.0,Medium
764,0,0,437.0,26029.12,2.0,3.0,3.0,10.0,Medium
213,0,0,561.0,35794.7,2.0,3.0,4.0,9.0,Medium
410,1,1857,0.0,0.0,1.0,1.0,1.0,15.0,High
1685,0,0,343.0,21416.82,2.0,2.0,3.0,11.0,High
225,0,0,426.0,31492.49,2.0,2.0,3.0,11.0,High
1210,0,0,467.0,17817.75,2.0,3.0,2.0,11.0,High
1336,0,18200,0.0,0.0,1.0,1.0,1.0,15.0,High
576,0,0,498.0,27361.93,2.0,3.0,3.0,10.0,Medium
1677,0,0,599.0,26684.18,2.0,3.0,3.0,10.0,Medium
1969,0,0,949.0,54861.95,2.0,4.0,4.0,8.0,Medium
1431,0,18200,0.0,0.0,1.0,1.0,1.0,15.0,High
558,0,18200,0.0,0.0,1.0,1.0,1.0,15.0,High
1482,0,0,527.0,32159.36,2.0,3.0,3.0,10.0,Medium
1295,0,0,1029.0,41666.09,2.0,4.0,4.0,8.0,Medium
1468,0,18200,0.0,0.0,1.0,1.0,1.0,15.0,High
538,0,0,410.0,22391.9,2.0,2.0,3.0,11.0,High
748,0,0,364.0,16354.07,2.0,2.0,2.0,12.0,High
1068,0,18200,0.0,0.0,1.0,1.0,1.0,15.0,High
41,0,18200,0.0,0.0,1.0,1.0,1.0,15.0,High
807,0,0,337.0,15462.05,2.0,2.0,2.0,12.0,High
1430,0,0,388.0,29640.89,2.0,2.0,3.0,11.0,High
1873,0,0,1124.0,50040.98,2.0,4.0,4.0,8.0,Medium
204,0,18200,0.0,0.0,1.0,1.0,1.0,15.0,High
424,0,18200,0.0,0.0,1.0,1.0,1.0,15.0,High
980,0,0,323.0,14910.31,2.0,2.0,2.0,12.0,High
1415,0,18200,0.0,0.0,1.0,1.0,1.0,15.0,High
600,0,18200,0.0,0.0,1.0,1.0,1.0,15.0,High
652,0,0,713.0,23961.97,2.0,4.0,3.0,9.0,Medium
1129,0,0,761.0,42434.21,2.0,4.0,4.0,8.0,Medium
885,0,0,555.0,9949.75,2.0,3.0,2.0,11.0,High
1899,0,0,364.0,11532.73,2.0,2.0,2.0,12.0,High
1369,0,0,914.0,26291.48,2.0,4.0,3.0,9.0,Medium
1057,0,18200,0.0,0.0,1.0,1.0,1.0,15.0,High
1302,0,0,539.0,33601.03,2.0,3.0,4.0,9.0,Medium
415,0,0,380.0,15010.41,2.0,2.0,2.0,12.0,High
83,0,18200,0.0,0.0,1.0,1.0,1.0,15.0,High
1093,0,18200,0.0,0.0,1.0,1.0,1.0,15.0,High
28,0,0,327.0,23490.54,2.0,2.0,3.0,11.0,High
33,0,0,550.0,34703.27,2.0,3.0,4.0,9.0,Medium
1646,0,0,523.0,12432.18,2.0,3.0,2.0,11.0,High
1847,0,18200,0.0,0.0,1.0,1.0,1.0,15.0,High
1152,0,18200,0.0,0.0,1.0,1.0,1.0,15.0,High
134,0,0,462.0,26137.98,2.0,3.0,3.0,10.0,Medium
188,0,18200,0.0,0.0,1.0,1.0,1.0,15.0,High
220,0,0,265.0,24353.99,2.0,2.0,3.0,11.0,High
1343,0,18200,0.0,0.0,1.0,1.0,1.0,15.0,High
1930,0,18200,0.0,0.0,1.0,1.0,1.0,15.0,High
1260,0,0,360.0,18967.67,2.0,2.0,2.0,12.0,High
96,0,0,1967.0,173036.36,2.0,4.0,4.0,8.0,Medium
1166,0,0,857.0,44319.39,2.0,4.0,4.0,8.0,Medium
1533,0,0,421.0,30092.01,2.0,2.0,3.0,11.0,High
88,0,18200,0.0,0.0,1.0,1.0,1.0,15.0,High
1451,0,0,1131.0,57407.02,2.0,4.0,4.0,8.0,Medium
57,0,0,611.0,27857.29,2.0,3.0,3.0,10.0,Medium
1335,0,0,661.0,49370.65,2.0,4.0,4.0,8.0,Medium
816,0,0,409.0,23486.14,2.0,2.0,3.0,11.0,High
1081,0,0,958.0,72771.02,2.0,4.0,4.0,8.0,Medium
1385,0,0,665.0,50488.8,2.0,4.0,4.0,8.0,Medium
1125,0,0,352.0,26934.69,2.0,2.0,3.0,11.0,High
1952,0,18200,0.0,0.0,1.0,1.0,1.0,15.0,High
1870,0,18200,0.0,0.0,1.0,1.0,1.0,15.0,High
1345,0,0,589.0,31106.21,2.0,3.0,3.0,10.0,Medium
1695,0,0,295.0,26885.8,2.0,2.0,3.0,11.0,High
1906,0,18200,0.0,0.0,1.0,1.0,1.0,15.0,High
1985,0,0,926.0,14905.28,2.0,4.0,2.0,10.0,Medium
1604,0,0,1172.0,46249.03,2.0,4.0,4.0,8.0,Medium
1933,0,18200,0.0,0.0,1.0,1.0,1.0,15.0,High
649,0,0,525.0,17478.86,2.0,3.0,2.0,11.0,High
1486,0,0,334.0,9151.03,2.0,2.0,2.0,12.0,High
1744,0,0,244.0,11670.71,2.0,2.0,2.0,12.0,High
1272,0,18200,0.0,0.0,1.0,1.0,1.0,15.0,High
400,1,610,0.0,0.0,1.0,1.0,1.0,15.0,High
1994,0,0,505.0,33092.18,2.0,3.0,4.0,9.0,Medium
572,0,18200,0.0,0.0,1.0,1.0,1.0,15.0,High
1442,0,0,654.0,31587.91,2.0,4.0,3.0,9.0,Medium
1853,0,0,409.0,18465.03,2.0,2.0,2.0,12.0,High
556,0,0,729.0,25609.44,2.0,4.0,3.0,9.0,Medium
1960,0,18200,0.0,0.0,1.0,1.0,1.0,15.0,High
321,0,1,374.0,16864.08,2.0,2.0,2.0,12.0,High
483,0,3,293.0,15388.89,2.0,2.0,2.0,12.0,High
404,0,18200,0.0,0.0,1.0,1.0,1.0,15.0,High
1510,1,2252,0.0,0.0,1.0,1.0,1.0,15.0,High
916,0,18200,0.0,0.0,1.0,1.0,1.0,15.0,High
1635,0,0,573.0,18584.96,2.0,3.0,2.0,11.0,High
1384,0,0,458.0,27584.98,2.0,3.0,3.0,10.0,Medium
943,0,18200,0.0,0.0,1.0,1.0,1.0,15.0,High
1236,0,0,545.0,17201.5,2.0,3.0,2.0,11.0,High
969,0,18200,0.0,0.0,1.0,1.0,1.0,15.0,High
508,0,18200,0.0,0.0,1.0,1.0,1.0,15.0,High
496,0,2,268.0,13942.75,2.0,2.0,2.0,12.0,High
450,0,0,399.0,24350.34,2.0,2.0,3.0,11.0,High
1753,0,0,419.0,22720.22,2.0,2.0,3.0,11.0,High
304,0,18200,0.0,0.0,1.0,1.0,1.0,15.0,High
839,0,1,260.0,28082.92,2.0,2.0,3.0,11.0,High
138,0,0,437.0,19505.96,2.0,3.0,2.0,11.0,High
43,0,18200,0.0,0.0,1.0,1.0,1.0,15.0,High
1187,0,0,208.0,10923.37,2.0,2.0,2.0,12.0,High
849,0,0,513.0,18091.8,2.0,3.0,2.0,11.0,High
654,0,18200,0.0,0.0,1.0,1.0,1.0,15.0,High
1898,0,0,624.0,32665.26,2.0,4.0,3.0,9.0,Medium
1971,0,0,489.0,26140.75,2.0,3.0,3.0,10.0,Medium
1020,0,0,871.0,45130.57,2.0,4.0,4.0,8.0,Medium
22,0,0,603.0,27939.87,2.0,3.0,3.0,10.0,Medium
436,0,18200,0.0,0.0,1.0,1.0,1.0,15.0,High
1823,0,0,479.0,40071.52,2.0,3.0,4.0,9.0,Medium
589,0,3,218.0,11425.45,2.0,2.0,2.0,12.0,High
49,0,18200,0.0,0.0,1.0,1.0,1.0,15.0,High
1350,0,18200,0.0,0.0,1.0,1.0,1.0,15.0,High
1525,0,0,487.0,17802.64,2.0,3.0,2.0,11.0,High
69,0,0,430.0,18247.66,2.0,3.0,2.0,11.0,High
234,0,0,414.0,24350.54,2.0,2.0,3.0,11.0,High
608,0,3,357.0,12935.88,2.0,2.0,2.0,12.0,High
1064,0,18200,0.0,0.0,1.0,1.0,1.0,15.0,High
374,0,0,377.0,15020.04,2.0,2.0,2.0,12.0,High
286,0,0,404.0,20153.95,2.0,2.0,2.0,12.0,High
1419,0,18200,0.0,0.0,1.0,1.0,1.0,15.0,High
1435,0,0,976.0,48867.05,2.0,4.0,4.0,8.0,Medium
1683,0,18200,0.0,0.0,1.0,1.0,1.0,15.0,High
727,0,0,509.0,16682.58,2.0,3.0,2.0,11.0,High
1150,0,0,780.0,37127.4,2.0,4.0,4.0,8.0,Medium
332,0,0,542.0,22874.75,2.0,3.0,3.0,10.0,Medium
487,0,0,566.0,42769.21,2.0,3.0,4.0,9.0,Medium
735,0,18200,0.0,0.0,1.0,1.0,1.0,15.0,High
137,0,0,972.0,49953.12,2.0,4.0,4.0,8.0,Medium
570,0,0,438.0,20967.5,2.0,3.0,3.0,10.0,Medium
1121,0,0,866.0,50187.43,2.0,4.0,4.0,8.0,Medium
860,0,0,782.0,43787.7,2.0,4.0,4.0,8.0,Medium
518,0,18200,0.0,0.0,1.0,1.0,1.0,15.0,High
1203,0,0,222.0,10232.42,2.0,2.0,2.0,12.0,High
944,0,0,520.0,57904.0,2.0,3.0,4.0,9.0,Medium
388,0,18200,0.0,0.0,1.0,1.0,1.0,15.0,High
741,0,18200,0.0,0.0,1.0,1.0,1.0,15.0,High
1737,0,0,593.0,21666.71,2.0,3.0,3.0,10.0,Medium
1709,0,0,325.0,16842.64,2.0,2.0,2.0,12.0,High
1018,0,0,830.0,44355.13,2.0,4.0,4.0,8.0,Medium
275,0,0,1069.0,56408.31,2.0,4.0,4.0,8.0,Medium
1367,0,0,429.0,14279.64,2.0,3.0,2.0,11.0,High
1965,0,18200,0.0,0.0,1.0,1.0,1.0,15.0,High
284,0,18200,0.0,0.0,1.0,1.0,1.0,15.0,High
79,0,0,302.0,20835.72,2.0,2.0,3.0,11.0,High
1515,0,1,395.0,21792.06,2.0,2.0,3.0,11.0,High
1934,0,18200,0.0,0.0,1.0,1.0,1.0,15.0,High
9,0,18200,0.0,0.0,1.0,1.0,1.0,15.0,High
1964,0,0,523.0,23647.1,2.0,3.0,3.0,10.0,Medium
982,0,18200,0.0,0.0,1.0,1.0,1.0,15.0,High
1676,0,0,487.0,22866.7,2.0,3.0,3.0,10.0,Medium
1519,0,1,599.0,19462.6,2.0,3.0,2.0,11.0,High
1098,0,0,2441.0,151405.56,2.0,4.0,4.0,8.0,Medium
554,0,0,616.0,37804.59,2.0,3.0,4.0,9.0,Medium
596,0,0,380.0,22008.3,2.0,2.0,3.0,11.0,High
170,0,0,400.0,23457.65,2.0,2.0,3.0,11.0,High
794,0,0,190.0,10647.51,2.0,2.0,2.0,12.0,High
1697,0,0,507.0,17297.36,2.0,3.0,2.0,11.0,High
573,0,0,660.0,19655.3,2.0,4.0,2.0,10.0,Medium
1715,0,18200,0.0,0.0,1.0,1.0,1.0,15.0,High
1607,0,18200,0.0,0.0,1.0,1.0,1.0,15.0,High
1026,0,0,546.0,18480.45,2.0,3.0,2.0,11.0,High
1892,0,18200,0.0,0.0,1.0,1.0,1.0,15.0,High
402,0,0,652.0,35217.44,2.0,4.0,4.0,8.0,Medium
1628,0,18200,0.0,0.0,1.0,1.0,1.0,15.0,High
553,0,18200,0.0,0.0,1.0,1.0,1.0,15.0,High
1551,0,0,770.0,55105.24,2.0,4.0,4.0,8.0,Medium
1672,0,1,423.0,6308.99,2.0,2.0,2.0,12.0,High
426,0,18200,0.0,0.0,1.0,1.0,1.0,15.0,High
1135,0,0,772.0,33147.6,2.0,4.0,4.0,8.0,Medium
1420,0,18200,0.0,0.0,1.0,1.0,1.0,15.0,High
1589,0,0,267.0,15267.47,2.0,2.0,2.0,12.0,High
1002,0,35,147.0,9906.47,1.0,1.0,2.0,14.0,High
1411,0,0,581.0,30772.35,2.0,3.0,3.0,10.0,Medium
1654,0,0,1445.0,91561.27,2.0,4.0,4.0,8.0,Medium
1330,0,0,1027.0,45615.3,2.0,4.0,4.0,8.0,Medium
790,0,0,564.0,18798.48,2.0,3.0,2.0,11.0,High
552,0,0,783.0,63037.21,2.0,4.0,4.0,8.0,Medium
139,0,18200,0.0,0.0,1.0,1.0,1.0,15.0,High
1280,0,18200,0.0,0.0,1.0,1.0,1.0,15.0,High
883,0,0,342.0,31376.55,2.0,2.0,3.0,11.0,High
359,0,0,570.0,25039.18,2.0,3.0,3.0,10.0,Medium
1921,0,0,427.0,23827.63,2.0,3.0,3.0,10.0,Medium
651,0,18200,0.0,0.0,1.0,1.0,1.0,15.0,High
557,0,0,1126.0,40632.06,2.0,4.0,4.0,8.0,Medium
1071,0,18200,0.0,0.0,1.0,1.0,1.0,15.0,High
1175,0,18200,0.0,0.0,1.0,1.0,1.0,15.0,High
1936,0,0,487.0,23124.76,2.0,3.0,3.0,10.0,Medium
182,0,18200,0.0,0.0,1.0,1.0,1.0,15.0,High
468,0,1,415.0,21849.079999999998,2.0,2.0,3.0,11.0,High
1651,0,0,835.0,76717.91,2.0,4.0,4.0,8.0,Medium
1714,0,18200,0.0,0.0,1.0,1.0,1.0,15.0,High
1839,0,18200,0.0,0.0,1.0,1.0,1.0,15.0,High
1585,0,0,842.0,33019.39,2.0,4.0,4.0,8.0,Medium
1245,0,0,595.0,23994.22,2.0,3.0,3.0,10.0,Medium
732,0,1,256.0,14690.68,2.0,2.0,2.0,12.0,High
342,0,18200,0.0,0.0,1.0,1.0,1.0,15.0,High
476,0,0,925.0,58505.29,2.0,4.0,4.0,8.0,Medium
164,0,0,429.0,19773.28,2.0,3.0,2.0,11.0,High
539,0,18200,0.0,0.0,1.0,1.0,1.0,15.0,High
40,0,0,313.0,8756.89,2.0,2.0,2.0,12.0,High
1,0,0,495.0,21325.03,2.0,3.0,3.0,10.0,Medium
272,0,18200,0.0,0.0,1.0,1.0,1.0,15.0,High
521,0,18200,0.0,0.0,1.0,1.0,1.0,15.0,High
988,0,0,402.0,26138.05,2.0,2.0,3.0,11.0,High
660,0,0,324.0,14897.34,2.0,2.0,2.0,12.0,High
1381,0,0,721.0,42066.590000000004,2.0,4.0,4.0,8.0,Medium
184,0,0,353.0,19170.84,2.0,2.0,2.0,12.0,High
1183,0,0,317.0,16749.47,2.0,2.0,2.0,12.0,High
905,0,0,592.0,45773.24,2.0,3.0,4.0,9.0,Medium
419,0,0,619.0,22889.2,2.0,4.0,3.0,9.0,Medium
239,0,18200,0.0,0.0,1.0,1.0,1.0,15.0,High
1241,0,0,744.0,61102.21,2.0,4.0,4.0,8.0,Medium
383,0,0,306.0,15034.29,2.0,2.0,2.0,12.0,High
1816,0,0,284.0,13177.369999999999,2.0,2.0,2.0,12.0,High
1501,0,18200,0.0,0.0,1.0,1.0,1.0,15.0,High
497,0,0,532.0,31685.18,2.0,3.0,3.0,10.0,Medium
893,0,18200,0.0,0.0,1.0,1.0,1.0,15.0,High
44,0,0,425.0,21864.8,2.0,2.0,3.0,11.0,High
661,0,0,281.0,9833.8,2.0,2.0,2.0,12.0,High
939,0,0,318.0,23109.84,2.0,2.0,3.0,11.0,High
947,0,0,748.0,40778.84,2.0,4.0,4.0,8.0,Medium
1749,0,1,124.0,6477.83,2.0,1.0,2.0,13.0,High
385,0,0,461.0,18809.64,2.0,3.0,2.0,11.0,High
67,0,18200,0.0,0.0,1.0,1.0,1.0,15.0,High
1298,0,0,312.0,10808.03,2.0,2.0,2.0,12.0,High
913,0,0,221.0,11285.65,2.0,2.0,2.0,12.0,High
1634,0,0,601.0,10614.58,2.0,3.0,2.0,11.0,High
804,0,0,746.0,28751.98,2.0,4.0,3.0,9.0,Medium
1703,0,0,1047.0,48498.12,2.0,4.0,4.0,8.0,Medium
1741,0,0,453.0,32686.77,2.0,3.0,4.0,9.0,Medium
766,0,18200,0.0,0.0,1.0,1.0,1.0,15.0,High
472,0,0,993.0,57136.49,2.0,4.0,4.0,8.0,Medium
366,0,0,756.0,31715.829999999998,2.0,4.0,3.0,9.0,Medium
1205,0,18200,0.0,0.0,1.0,1.0,1.0,15.0,High
1705,0,18200,0.0,0.0,1.0,1.0,1.0,15.0,High
626,0,18200,0.0,0.0,1.0,1.0,1.0,15.0,High
1638,0,0,687.0,31243.33,2.0,4.0,3.0,9.0,Medium
1953,0,18200,0.0,0.0,1.0,1.0,1.0,15.0,High
1771,0,0,691.0,32324.64,2.0,4.0,3.0,9.0,Medium
931,0,0,423.0,30419.28,2.0,2.0,3.0,11.0,High
1190,0,0,1086.0,45571.97,2.0,4.0,4.0,8.0,Medium
371,0,0,846.0,71480.34,2.0,4.0,4.0,8.0,Medium
1404,0,0,268.0,16352.1,2.0,2.0,2.0,12.0,High
1970,0,18200,0.0,0.0,1.0,1.0,1.0,15.0,High
1364,0,2,202.0,5164.95,2.0,2.0,2.0,12.0,High
327,0,0,1019.0,48316.06,2.0,4.0,4.0,8.0,Medium
1337,0,18200,0.0,0.0,1.0,1.0,1.0,15.0,High
594,0,18200,0.0,0.0,1.0,1.0,1.0,15.0,High
1704,0,18200,0.0,0.0,1.0,1.0,1.0,15.0,High
1500,0,0,522.0,26853.92,2.0,3.0,3.0,10.0,Medium
923,0,18200,0.0,0.0,1.0,1.0,1.0,15.0,High
1788,0,0,703.0,23867.83,2.0,4.0,3.0,9.0,Medium
129,0,18200,0.0,0.0,1.0,1.0,1.0,15.0,High
1756,0,0,322.0,24341.62,2.0,2.0,3.0,11.0,High
197,0,0,766.0,31719.07,2.0,4.0,3.0,9.0,Medium
219,0,0,294.0,13086.7,2.0,2.0,2.0,12.0,High
1820,0,0,217.0,13742.23,2.0,2.0,2.0,12.0,High
405,0,18200,0.0,0.0,1.0,1.0,1.0,15.0,High
726,0,0,448.0,15538.14,2.0,3.0,2.0,11.0,High
20,0,0,578.0,21682.5,2.0,3.0,3.0,10.0,Medium
216,0,3,253.0,14729.25,2.0,2.0,2.0,12.0,High
293,0,1,441.0,19080.38,2.0,3.0,2.0,11.0,High
1868,0,18200,0.0,0.0,1.0,1.0,1.0,15.0,High
1996,0,0,344.0,20589.89,2.0,2.0,3.0,11.0,High
1171,0,0,310.0,27956.53,2.0,2.0,3.0,11.0,High
1154,0,18200,0.0,0.0,1.0,1.0,1.0,15.0,High
819,0,0,450.0,21153.15,2.0,3.0,3.0,10.0,Medium
1554,0,18200,0.0,0.0,1.0,1.0,1.0,15.0,High
1079,0,0,673.0,39599.47,2.0,4.0,4.0,8.0,Medium
681,0,18200,0.0,0.0,1.0,1.0,1.0,15.0,High
240,0,0,373.0,15570.97,2.0,2.0,2.0,12.0,High
751,0,0,329.0,26679.71,2.0,2.0,3.0,11.0,High
773,0,0,602.0,20654.8,2.0,3.0,3.0,10.0,Medium
1294,0,0,476.0,31655.14,2.0,3.0,3.0,10.0,Medium
1567,0,0,431.0,28716.329999999998,2.0,3.0,3.0,10.0,Medium
132,0,0,213.0,14078.18,2.0,2.0,2.0,12.0,High
512,0,18200,0.0,0.0,1.0,1.0,1.0,15.0,High
501,0,18200,0.0,0.0,1.0,1.0,1.0,15.0,High
178,0,0,476.0,23623.26,2.0,3.0,3.0,10.0,Medium
1077,0,0,1229.0,29930.11,2.0,4.0,3.0,9.0,Medium
914,0,0,709.0,40212.86,2.0,4.0,4.0,8.0,Medium
1840,0,0,713.0,19458.56,2.0,4.0,2.0,10.0,Medium
550,0,0,689.0,34672.38,2.0,4.0,4.0,8.0,Medium
1869,0,18200,0.0,0.0,1.0,1.0,1.0,15.0,High
977,0,1,586.0,24284.44,2.0,3.0,3.0,10.0,Medium
933,0,0,399.0,17033.31,2.0,2.0,2.0,12.0,High
938,0,0,566.0,32519.58,2.0,3.0,3.0,10.0,Medium
622,0,18200,0.0,0.0,1.0,1.0,1.0,15.0,High
796,0,18200,0.0,0.0,1.0,1.0,1.0,15.0,High
621,0,1,308.0,13593.64,2.0,2.0,2.0,12.0,High
1038,0,18200,0.0,0.0,1.0,1.0,1.0,15.0,High
1687,0,0,1067.0,48834.29,2.0,4.0,4.0,8.0,Medium
1890,0,18200,0.0,0.0,1.0,1.0,1.0,15.0,High
544,0,18200,0.0,0.0,1.0,1.0,1.0,15.0,High
810,0,0,720.0,33518.13,2.0,4.0,4.0,8.0,Medium
58,0,1,489.0,37166.73,2.0,3.0,4.0,9.0,Medium
1986,0,0,345.0,24885.29,2.0,2.0,3.0,11.0,High
1084,0,0,560.0,30337.71,2.0,3.0,3.0,10.0,Medium
1349,0,18200,0.0,0.0,1.0,1.0,1.0,15.0,High
1825,0,0,746.0,32330.29,2.0,4.0,3.0,9.0,Medium
98,0,0,1027.0,41655.22,2.0,4.0,4.0,8.0,Medium
615,0,0,568.0,44686.31,2.0,3.0,4.0,9.0,Medium
1488,0,0,528.0,17929.03,2.0,3.0,2.0,11.0,High
211,0,0,619.0,11904.14,2.0,4.0,2.0,10.0,Medium
1443,0,0,628.0,33529.96,2.0,4.0,4.0,8.0,Medium
801,0,0,330.0,11815.27,2.0,2.0,2.0,12.0,High
655,0,0,618.0,17616.65,2.0,3.0,2.0,11.0,High
669,0,0,549.0,19249.61,2.0,3.0,2.0,11.0,High
1726,0,18200,0.0,0.0,1.0,1.0,1.0,15.0,High
444,0,18200,0.0,0.0,1.0,1.0,1.0,15.0,High
418,0,18200,0.0,0.0,1.0,1.0,1.0,15.0,High
242,0,0,453.0,27729.2,2.0,3.0,3.0,10.0,Medium
168,0,18200,0.0,0.0,1.0,1.0,1.0,15.0,High
960,0,18200,0.0,0.0,1.0,1.0,1.0,15.0,High
1911,0,18200,0.0,0.0,1.0,1.0,1.0,15.0,High
259,0,18200,0.0,0.0,1.0,1.0,1.0,15.0,High
300,0,0,348.0,33545.41,2.0,2.0,4.0,10.0,Medium
1967,0,1,454.0,19682.35,2.0,3.0,2.0,11.0,High
434,0,0,474.0,34698.32,2.0,3.0,4.0,9.0,Medium
1076,0,1,375.0,20634.48,2.0,2.0,3.0,11.0,High
723,0,0,458.0,17222.86,2.0,3.0,2.0,11.0,High
1398,0,0,849.0,46156.48,2.0,4.0,4.0,8.0,Medium
1464,0,0,515.0,36672.26,2.0,3.0,4.0,9.0,Medium
1505,0,18200,0.0,0.0,1.0,1.0,1.0,15.0,High
1130,0,0,696.0,40297.02,2.0,4.0,4.0,8.0,Medium
62,0,0,676.0,30073.44,2.0,4.0,3.0,9.0,Medium
1623,0,0,403.0,18521.4,2.0,2.0,2.0,12.0,High
1416,0,0,511.0,34996.4,2.0,3.0,4.0,9.0,Medium
1998,0,0,226.0,6434.8,2.0,2.0,2.0,12.0,High
1299,0,1,332.0,17202.85,2.0,2.0,2.0,12.0,High
303,0,0,916.0,74415.46,2.0,4.0,4.0,8.0,Medium
1138,0,0,1084.0,45523.95,2.0,4.0,4.0,8.0,Medium
1750,0,0,545.0,41245.31,2.0,3.0,4.0,9.0,Medium
1117,0,0,659.0,54429.06,2.0,4.0,4.0,8.0,Medium
1322,0,18200,0.0,0.0,1.0,1.0,1.0,15.0,High
878,0,18200,0.0,0.0,1.0,1.0,1.0,15.0,High
609,0,0,421.0,11485.16,2.0,2.0,2.0,12.0,High
761,0,18200,0.0,0.0,1.0,1.0,1.0,15.0,High
1313,0,0,796.0,29181.05,2.0,4.0,3.0,9.0,Medium
1558,0,0,716.0,47360.41,2.0,4.0,4.0,8.0,Medium
399,0,18200,0.0,0.0,1.0,1.0,1.0,15.0,High
325,0,18200,0.0,0.0,1.0,1.0,1.0,15.0,High
689,0,18200,0.0,0.0,1.0,1.0,1.0,15.0,High
1763,0,0,506.0,20614.64,2.0,3.0,3.0,10.0,Medium
717,0,18200,0.0,0.0,1.0,1.0,1.0,15.0,High
884,0,0,712.0,29464.65,2.0,4.0,3.0,9.0,Medium
1701,0,18200,0.0,0.0,1.0,1.0,1.0,15.0,High
117,0,18200,0.0,0.0,1.0,1.0,1.0,15.0,High
126,0,0,502.0,12469.99,2.0,3.0,2.0,11.0,High
1051,0,18200,0.0,0.0,1.0,1.0,1.0,15.0,High
462,0,0,507.0,37263.66,2.0,3.0,4.0,9.0,Medium
1454,0,18200,0.0,0.0,1.0,1.0,1.0,15.0,High
467,0,0,596.0,26805.79,2.0,3.0,3.0,10.0,Medium
1802,0,0,875.0,70132.29,2.0,4.0,4.0,8.0,Medium
1563,0,0,673.0,24313.65,2.0,4.0,3.0,9.0,Medium
1235,0,18200,0.0,0.0,1.0,1.0,1.0,15.0,High
587,0,18200,0.0,0.0,1.0,1.0,1.0,15.0,High
709,0,0,535.0,20244.46,2.0,3.0,2.0,11.0,High
1036,0,18200,0.0,0.0,1.0,1.0,1.0,15.0,High
372,0,18200,0.0,0.0,1.0,1.0,1.0,15.0,High
929,0,18200,0.0,0.0,1.0,1.0,1.0,15.0,High
253,0,18200,0.0,0.0,1.0,1.0,1.0,15.0,High
1549,0,0,276.0,23513.55,2.0,2.0,3.0,11.0,High
529,0,18200,0.0,0.0,1.0,1.0,1.0,15.0,High
1306,0,18200,0.0,0.0,1.0,1.0,1.0,15.0,High
1798,0,18200,0.0,0.0,1.0,1.0,1.0,15.0,High
389,0,18200,0.0,0.0,1.0,1.0,1.0,15.0,High
1829,0,18200,0.0,0.0,1.0,1.0,1.0,15.0,High
1392,0,18200,0.0,0.0,1.0,1.0,1.0,15.0,High
1949,0,18200,0.0,0.0,1.0,1.0,1.0,15.0,High
1881,0,0,834.0,25226.46,2.0,4.0,3.0,9.0,Medium
1706,0,18200,0.0,0.0,1.0,1.0,1.0,15.0,High
848,0,1,331.0,30204.94,2.0,2.0,3.0,11.0,High
1044,0,18200,0.0,0.0,1.0,1.0,1.0,15.0,High
1112,0,18200,0.0,0.0,1.0,1.0,1.0,15.0,High
802,0,0,553.0,30955.42,2.0,3.0,3.0,10.0,Medium
859,0,0,533.0,25630.47,2.0,3.0,3.0,10.0,Medium
441,0,0,506.0,23473.41,2.0,3.0,3.0,10.0,Medium
879,0,0,585.0,22971.58,2.0,3.0,3.0,10.0,Medium
1437,0,0,926.0,23125.74,2.0,4.0,3.0,9.0,Medium
1413,0,0,686.0,20412.32,2.0,4.0,2.0,10.0,Medium
1710,0,0,327.0,15554.77,2.0,2.0,2.0,12.0,High
1037,0,18200,0.0,0.0,1.0,1.0,1.0,15.0,High
966,0,18200,0.0,0.0,1.0,1.0,1.0,15.0,High
107,0,0,173.0,8733.0,2.0,1.0,2.0,13.0,High
1247,0,0,475.0,27840.18,2.0,3.0,3.0,10.0,Medium
700,0,18200,0.0,0.0,1.0,1.0,1.0,15.0,High
1363,0,18200,0.0,0.0,1.0,1.0,1.0,15.0,High
10,0,18200,0.0,0.0,1.0,1.0,1.0,15.0,High
1725,0,0,578.0,33679.59,2.0,3.0,4.0,9.0,Medium
1145,0,0,1063.0,54791.86,2.0,4.0,4.0,8.0,Medium
864,0,18200,0.0,0.0,1.0,1.0,1.0,15.0,High
1357,0,0,700.0,20073.38,2.0,4.0,2.0,10.0,Medium
1344,0,0,655.0,31464.9,2.0,4.0,3.0,9.0,Medium
1252,0,18200,0.0,0.0,1.0,1.0,1.0,15.0,High
935,0,18200,0.0,0.0,1.0,1.0,1.0,15.0,High
1748,0,18200,0.0,0.0,1.0,1.0,1.0,15.0,High
1123,0,0,341.0,15090.07,2.0,2.0,2.0,12.0,High
546,0,0,377.0,27128.84,2.0,2.0,3.0,11.0,High
430,0,0,1039.0,60790.33,2.0,4.0,4.0,8.0,Medium
61,0,0,615.0,46415.24,2.0,3.0,4.0,9.0,Medium
1621,0,0,566.0,28464.22,2.0,3.0,3.0,10.0,Medium
413,0,18200,0.0,0.0,1.0,1.0,1.0,15.0,High
269,0,18200,0.0,0.0,1.0,1.0,1.0,15.0,High
37,0,0,778.0,51087.22,2.0,4.0,4.0,8.0,Medium
1793,0,0,262.0,12305.44,2.0,2.0,2.0,12.0,High
1846,0,0,346.0,11925.47,2.0,2.0,2.0,12.0,High
116,0,0,601.0,33864.04,2.0,3.0,4.0,9.0,Medium
752,0,0,296.0,28467.31,2.0,2.0,3.0,11.0,High
1185,0,18200,0.0,0.0,1.0,1.0,1.0,15.0,High
683,0,0,419.0,24215.81,2.0,2.0,3.0,11.0,High
903,0,18200,0.0,0.0,1.0,1.0,1.0,15.0,High
559,0,18200,0.0,0.0,1.0,1.0,1.0,15.0,High
1338,0,18200,0.0,0.0,1.0,1.0,1.0,15.0,High
75,0,0,521.0,22857.579999999998,2.0,3.0,3.0,10.0,Medium
861,0,18200,0.0,0.0,1.0,1.0,1.0,15.0,High
100,0,0,353.0,28519.67,2.0,2.0,3.0,11.0,High
1140,0,0,557.0,21663.64,2.0,3.0,3.0,10.0,Medium
531,0,18200,0.0,0.0,1.0,1.0,1.0,15.0,High
279,0,18200,0.0,0.0,1.0,1.0,1.0,15.0,High
362,0,0,532.0,40652.54,2.0,3.0,4.0,9.0,Medium
1458,0,0,311.0,17649.19,2.0,2.0,2.0,12.0,High
976,0,0,740.0,43320.63,2.0,4.0,4.0,8.0,Medium
71,0,18200,0.0,0.0,1.0,1.0,1.0,15.0,High
375,0,31,309.0,9705.19,1.0,2.0,2.0,13.0,High
403,0,0,174.0,9823.81,2.0,2.0,2.0,12.0,High
983,0,0,446.0,21273.38,2.0,3.0,3.0,10.0,Medium
435,0,18200,0.0,0.0,1.0,1.0,1.0,15.0,High
542,0,0,404.0,15021.7,2.0,2.0,2.0,12.0,High
1090,0,18200,0.0,0.0,1.0,1.0,1.0,15.0,High
60,0,0,518.0,34160.28,2.0,3.0,4.0,9.0,Medium
287,0,0,479.0,20132.61,2.0,3.0,2.0,11.0,High
1857,0,0,592.0,40710.01,2.0,3.0,4.0,9.0,Medium
1291,0,0,328.0,24306.23,2.0,2.0,3.0,11.0,High
408,0,0,891.0,58313.44,2.0,4.0,4.0,8.0,Medium
173,0,0,546.0,35651.25,2.0,3.0,4.0,9.0,Medium
1787,0,0,670.0,36454.72,2.0,4.0,4.0,8.0,Medium
1800,0,18200,0.0,0.0,1.0,1.0,1.0,15.0,High
438,0,0,238.0,15243.37,2.0,2.0,2.0,12.0,High
1988,0,0,854.0,72514.73,2.0,4.0,4.0,8.0,Medium
1143,0,18200,0.0,0.0,1.0,1.0,1.0,15.0,High
1250,0,0,630.0,20182.79,2.0,4.0,2.0,10.0,Medium
1767,0,18200,0.0,0.0,1.0,1.0,1.0,15.0,High
1072,0,1,582.0,27347.02,2.0,3.0,3.0,10.0,Medium
1841,0,18200,0.0,0.0,1.0,1.0,1.0,15.0,High
1202,0,0,493.0,7146.93,2.0,3.0,2.0,11.0,High
235,0,0,345.0,22301.89,2.0,2.0,3.0,11.0,High
1766,0,0,225.0,10813.75,2.0,2.0,2.0,12.0,High
1702,0,0,472.0,26318.53,2.0,3.0,3.0,10.0,Medium
1142,0,0,423.0,35067.98,2.0,2.0,4.0,10.0,Medium
1653,0,18200,0.0,0.0,1.0,1.0,1.0,15.0,High
1982,0,18200,0.0,0.0,1.0,1.0,1.0,15.0,High
1423,0,18200,0.0,0.0,1.0,1.0,1.0,15.0,High
48,0,0,417.0,21707.25,2.0,2.0,3.0,11.0,High
1582,0,0,510.0,33693.87,2.0,3.0,4.0,9.0,Medium
656,0,18200,0.0,0.0,1.0,1.0,1.0,15.0,High
500,0,18200,0.0,0.0,1.0,1.0,1.0,15.0,High
1862,0,0,656.0,21342.74,2.0,4.0,3.0,9.0,Medium
1850,0,18200,0.0,0.0,1.0,1.0,1.0,15.0,High
1808,0,0,374.0,16391.83,2.0,2.0,2.0,12.0,High
277,0,0,583.0,18592.21,2.0,3.0,2.0,11.0,High
1716,0,18200,0.0,0.0,1.0,1.0,1.0,15.0,High
516,0,18200,0.0,0.0,1.0,1.0,1.0,15.0,High
620,0,18200,0.0,0.0,1.0,1.0,1.0,15.0,High
159,0,18200,0.0,0.0,1.0,1.0,1.0,15.0,High
478,0,0,387.0,20706.65,2.0,2.0,3.0,11.0,High
772,0,0,453.0,18613.89,2.0,3.0,2.0,11.0,High
1537,0,18200,0.0,0.0,1.0,1.0,1.0,15.0,High
1429,0,0,552.0,29461.91,2.0,3.0,3.0,10.0,Medium
1228,0,0,641.0,27259.53,2.0,4.0,3.0,9.0,Medium
991,0,18200,0.0,0.0,1.0,1.0,1.0,15.0,High
1249,0,18200,0.0,0.0,1.0,1.0,1.0,15.0,High
1242,0,0,422.0,20456.26,2.0,2.0,3.0,11.0,High
1759,0,0,1007.0,37424.63,2.0,4.0,4.0,8.0,Medium
1058,0,0,674.0,33118.43,2.0,4.0,4.0,8.0,Medium
1730,0,0,705.0,20734.98,2.0,4.0,3.0,9.0,Medium
1632,0,18200,0.0,0.0,1.0,1.0,1.0,15.0,High
1224,0,0,955.0,47017.85,2.0,4.0,4.0,8.0,Medium
1940,0,0,478.0,15352.21,2.0,3.0,2.0,11.0,High
1132,0,18200,0.0,0.0,1.0,1.0,1.0,15.0,High
895,0,0,435.0,24782.06,2.0,3.0,3.0,10.0,Medium
1556,0,0,238.0,15763.68,2.0,2.0,2.0,12.0,High
1025,0,18200,0.0,0.0,1.0,1.0,1.0,15.0,High
1972,0,0,494.0,15345.37,2.0,3.0,2.0,11.0,High
86,0,0,443.0,18723.51,2.0,3.0,2.0,11.0,High
344,0,18200,0.0,0.0,1.0,1.0,1.0,15.0,High
1189,0,0,339.0,15954.16,2.0,2.0,2.0,12.0,High
921,0,0,770.0,49125.02,2.0,4.0,4.0,8.0,Medium
393,0,0,312.0,15516.88,2.0,2.0,2.0,12.0,High
1254,0,0,391.0,17302.39,2.0,2.0,2.0,12.0,High
212,0,0,427.0,13885.76,2.0,3.0,2.0,11.0,High
1262,0,0,517.0,12052.32,2.0,3.0,2.0,11.0,High
122,0,0,518.0,26161.66,2.0,3.0,3.0,10.0,Medium
1118,0,0,592.0,66591.59,2.0,3.0,4.0,9.0,Medium
974,0,18200,0.0,0.0,1.0,1.0,1.0,15.0,High
1274,0,0,818.0,51605.67,2.0,4.0,4.0,8.0,Medium
1453,0,0,956.0,30677.92,2.0,4.0,3.0,9.0,Medium
337,0,18200,0.0,0.0,1.0,1.0,1.0,15.0,High
1023,0,18200,0.0,0.0,1.0,1.0,1.0,15.0,High
1903,0,0,701.0,31568.72,2.0,4.0,3.0,9.0,Medium
604,0,0,390.0,26372.05,2.0,2.0,3.0,11.0,High
1637,0,18200,0.0,0.0,1.0,1.0,1.0,15.0,High
1470,0,2,312.0,10664.9,2.0,2.0,2.0,12.0,High
1856,0,0,443.0,18873.74,2.0,3.0,2.0,11.0,High
907,0,18200,0.0,0.0,1.0,1.0,1.0,15.0,High
1923,0,0,407.0,20292.88,2.0,2.0,2.0,12.0,High
674,0,0,729.0,18685.13,2.0,4.0,2.0,10.0,Medium
1665,0,18200,0.0,0.0,1.0,1.0,1.0,15.0,High
548,0,18200,0.0,0.0,1.0,1.0,1.0,15.0,High
209,0,0,671.0,20946.31,2.0,4.0,3.0,9.0,Medium
730,0,18200,0.0,0.0,1.0,1.0,1.0,15.0,High
670,0,18200,0.0,0.0,1.0,1.0,1.0,15.0,High
627,0,18200,0.0,0.0,1.0,1.0,1.0,15.0,High
924,1,884,0.0,0.0,1.0,1.0,1.0,15.0,High
894,0,18200,0.0,0.0,1.0,1.0,1.0,15.0,High
1633,0,0,445.0,15951.68,2.0,3.0,2.0,11.0,High
1593,0,18200,0.0,0.0,1.0,1.0,1.0,15.0,High
720,0,1,177.0,7532.09,2.0,2.0,2.0,12.0,High
264,0,0,461.0,23763.55,2.0,3.0,3.0,10.0,Medium
827,0,0,385.0,18728.47,2.0,2.0,2.0,12.0,High
414,0,0,410.0,51201.93,2.0,2.0,4.0,10.0,Medium
1439,0,0,394.0,7413.74,2.0,2.0,2.0,12.0,High
843,0,0,373.0,19675.22,2.0,2.0,2.0,12.0,High
1008,0,0,860.0,20643.0,2.0,4.0,3.0,9.0,Medium
1834,0,0,377.0,17837.0,2.0,2.0,2.0,12.0,High
1126,0,18200,0.0,0.0,1.0,1.0,1.0,15.0,High
881,0,18200,0.0,0.0,1.0,1.0,1.0,15.0,High
679,0,0,272.0,9752.49,2.0,2.0,2.0,12.0,High
1333,0,18200,0.0,0.0,1.0,1.0,1.0,15.0,High
398,0,2,322.0,21017.25,2.0,2.0,3.0,11.0,High
151,0,18200,0.0,0.0,1.0,1.0,1.0,15.0,High
106,0,0,702.0,17292.79,2.0,4.0,2.0,10.0,Medium
1784,0,18200,0.0,0.0,1.0,1.0,1.0,15.0,High
1924,0,18200,0.0,0.0,1.0,1.0,1.0,15.0,High
671,0,0,404.0,22579.1,2.0,2.0,3.0,11.0,High
1472,0,18200,0.0,0.0,1.0,1.0,1.0,15.0,High
855,0,0,523.0,11357.16,2.0,3.0,2.0,11.0,High
981,0,18200,0.0,0.0,1.0,1.0,1.0,15.0,High
1030,0,0,477.0,16489.21,2.0,3.0,2.0,11.0,High
384,0,18200,0.0,0.0,1.0,1.0,1.0,15.0,High
80,0,0,370.0,15151.47,2.0,2.0,2.0,12.0,High
1331,0,0,376.0,2242.58,2.0,2.0,1.0,13.0,High
205,0,0,450.0,20968.78,2.0,3.0,3.0,10.0,Medium
1048,0,0,354.0,26667.58,2.0,2.0,3.0,11.0,High
1801,0,18200,0.0,0.0,1.0,1.0,1.0,15.0,High
1490,0,0,532.0,22924.35,2.0,3.0,3.0,10.0,Medium
818,0,18200,0.0,0.0,1.0,1.0,1.0,15.0,High
1463,0,0,976.0,32682.44,2.0,4.0,3.0,9.0,Medium
1835,0,18200,0.0,0.0,1.0,1.0,1.0,15.0,High
952,0,0,548.0,54431.17,2.0,3.0,4.0,9.0,Medium
616,0,0,445.0,19858.79,2.0,3.0,2.0,11.0,High
638,0,0,210.0,20425.68,2.0,2.0,2.0,12.0,High
1366,0,0,529.0,23964.31,2.0,3.0,3.0,10.0,Medium
443,0,18200,0.0,0.0,1.0,1.0,1.0,15.0,High
336,0,18200,0.0,0.0,1.0,1.0,1.0,15.0,High
611,0,18200,0.0,0.0,1.0,1.0,1.0,15.0,High
973,0,0,1025.0,20382.16,2.0,4.0,2.0,10.0,Medium
632,0,18200,0.0,0.0,1.0,1.0,1.0,15.0,High
1918,0,0,379.0,24285.46,2.0,2.0,3.0,11.0,High
1827,0,0,640.0,44338.86,2.0,4.0,4.0,8.0,Medium
70,0,18200,0.0,0.0,1.0,1.0,1.0,15.0,High
672,0,0,790.0,23453.66,2.0,4.0,3.0,9.0,Medium
1461,0,0,604.0,17981.01,2.0,3.0,2.0,11.0,High
510,0,18200,0.0,0.0,1.0,1.0,1.0,15.0,High
256,0,0,610.0,24040.71,2.0,3.0,3.0,10.0,Medium
1410,0,18200,0.0,0.0,1.0,1.0,1.0,15.0,High
574,0,18200,0.0,0.0,1.0,1.0,1.0,15.0,High
1837,0,1,456.0,26226.82,2.0,3.0,3.0,10.0,Medium
1974,0,18200,0.0,0.0,1.0,1.0,1.0,15.0,High
30,0,18200,0.0,0.0,1.0,1.0,1.0,15.0,High
1270,0,18200,0.0,0.0,1.0,1.0,1.0,15.0,High
1815,0,0,487.0,25988.93,2.0,3.0,3.0,10.0,Medium
805,0,18200,0.0,0.0,1.0,1.0,1.0,15.0,High
464,0,0,1394.0,100030.4,2.0,4.0,4.0,8.0,Medium
1042,0,18200,0.0,0.0,1.0,1.0,1.0,15.0,High
1579,0,0,418.0,15701.98,2.0,2.0,2.0,12.0,High
830,0,18200,0.0,0.0,1.0,1.0,1.0,15.0,High
465,0,0,353.0,18757.22,2.0,2.0,2.0,12.0,High
1954,0,0,993.0,74257.14,2.0,4.0,4.0,8.0,Medium
959,0,18200,0.0,0.0,1.0,1.0,1.0,15.0,High
1049,0,18200,0.0,0.0,1.0,1.0,1.0,15.0,High
1925,0,18200,0.0,0.0,1.0,1.0,1.0,15.0,High
1088,0,0,385.0,21857.12,2.0,2.0,3.0,11.0,High
14,0,0,288.0,14741.67,2.0,2.0,2.0,12.0,High
162,0,0,357.0,33381.25,2.0,2.0,4.0,10.0,Medium
1692,0,0,1137.0,96277.02,2.0,4.0,4.0,8.0,Medium
380,0,0,537.0,16171.55,2.0,3.0,2.0,11.0,High
141,0,0,501.0,28006.89,2.0,3.0,3.0,10.0,Medium
1348,0,0,540.0,4431.51,2.0,3.0,2.0,11.0,High
1256,0,0,1034.0,35769.41,2.0,4.0,4.0,8.0,Medium
1690,0,18200,0.0,0.0,1.0,1.0,1.0,15.0,High
169,0,0,427.0,5536.01,2.0,3.0,2.0,11.0,High
1955,0,0,638.0,27506.05,2.0,4.0,3.0,9.0,Medium
1807,0,0,1143.0,54484.82,2.0,4.0,4.0,8.0,Medium
102,0,18200,0.0,0.0,1.0,1.0,1.0,15.0,High
257,0,0,432.0,25840.29,2.0,3.0,3.0,10.0,Medium
911,0,18200,0.0,0.0,1.0,1.0,1.0,15.0,High
987,0,0,1512.0,61649.99,2.0,4.0,4.0,8.0,Medium
101,0,18200,0.0,0.0,1.0,1.0,1.0,15.0,High
1141,0,0,566.0,17978.92,2.0,3.0,2.0,11.0,High
1682,0,0,418.0,20131.07,2.0,2.0,2.0,12.0,High
481,0,18200,0.0,0.0,1.0,1.0,1.0,15.0,High
978,0,18200,0.0,0.0,1.0,1.0,1.0,15.0,High
1550,0,18200,0.0,0.0,1.0,1.0,1.0,15.0,High
1162,0,18200,0.0,0.0,1.0,1.0,1.0,15.0,High
172,0,0,268.0,16614.4,2.0,2.0,2.0,12.0,High
892,0,18200,0.0,0.0,1.0,1.0,1.0,15.0,High
315,0,1,261.0,16959.31,2.0,2.0,2.0,12.0,High
1739,0,18200,0.0,0.0,1.0,1.0,1.0,15.0,High
836,0,18200,0.0,0.0,1.0,1.0,1.0,15.0,High
39,0,0,748.0,43087.04,2.0,4.0,4.0,8.0,Medium
155,0,0,414.0,13958.41,2.0,2.0,2.0,12.0,High
1305,0,0,479.0,26077.79,2.0,3.0,3.0,10.0,Medium
1504,0,0,412.0,19973.39,2.0,2.0,2.0,12.0,High
1105,0,0,619.0,41575.22,2.0,4.0,4.0,8.0,Medium
1761,0,18200,0.0,0.0,1.0,1.0,1.0,15.0,High
215,0,18200,0.0,0.0,1.0,1.0,1.0,15.0,High
948,0,0,407.0,17973.04,2.0,2.0,2.0,12.0,High
862,0,0,819.0,30064.22,2.0,4.0,3.0,9.0,Medium
1514,0,0,330.0,21719.38,2.0,2.0,3.0,11.0,High
1698,0,18200,0.0,0.0,1.0,1.0,1.0,15.0,High
1316,0,18200,0.0,0.0,1.0,1.0,1.0,15.0,High
1831,0,18200,0.0,0.0,1.0,1.0,1.0,15.0,High
889,0,18200,0.0,0.0,1.0,1.0,1.0,15.0,High
526,0,0,715.0,33869.72,2.0,4.0,4.0,8.0,Medium
231,0,0,534.0,24553.36,2.0,3.0,3.0,10.0,Medium
910,0,18200,0.0,0.0,1.0,1.0,1.0,15.0,High
876,0,1,464.0,29153.12,2.0,3.0,3.0,10.0,Medium
1509,0,0,769.0,21952.51,2.0,4.0,3.0,9.0,Medium
1422,0,0,479.0,20680.15,2.0,3.0,3.0,10.0,Medium
1400,0,18200,0.0,0.0,1.0,1.0,1.0,15.0,High
492,0,18200,0.0,0.0,1.0,1.0,1.0,15.0,High
1516,0,0,777.0,34222.65,2.0,4.0,4.0,8.0,Medium
1649,0,2,119.0,4250.93,2.0,1.0,2.0,13.0,High
1573,0,18200,0.0,0.0,1.0,1.0,1.0,15.0,High
583,0,0,289.0,13452.69,2.0,2.0,2.0,12.0,High
1811,0,0,948.0,59660.01,2.0,4.0,4.0,8.0,Medium
1054,0,1,359.0,15589.61,2.0,2.0,2.0,12.0,High
1678,0,0,479.0,25624.06,2.0,3.0,3.0,10.0,Medium
333,0,18200,0.0,0.0,1.0,1.0,1.0,15.0,High
1412,0,0,704.0,44227.74,2.0,4.0,4.0,8.0,Medium
177,0,0,506.0,42728.85,2.0,3.0,4.0,9.0,Medium
390,0,18200,0.0,0.0,1.0,1.0,1.0,15.0,High
1577,0,1,247.0,19182.95,2.0,2.0,2.0,12.0,High
1609,0,0,393.0,26386.65,2.0,2.0,3.0,11.0,High
1762,0,0,405.0,26667.26,2.0,2.0,3.0,11.0,High
917,0,1,265.0,15634.63,2.0,2.0,2.0,12.0,High
1717,0,0,1109.0,58038.83,2.0,4.0,4.0,8.0,Medium
1355,0,18200,0.0,0.0,1.0,1.0,1.0,15.0,High
1668,0,0,535.0,39266.02,2.0,3.0,4.0,9.0,Medium
1293,0,0,1273.0,74695.75,2.0,4.0,4.0,8.0,Medium
1597,0,18200,0.0,0.0,1.0,1.0,1.0,15.0,High
202,0,18200,0.0,0.0,1.0,1.0,1.0,15.0,High
493,0,18200,0.0,0.0,1.0,1.0,1.0,15.0,High
361,0,0,321.0,19068.54,2.0,2.0,2.0,12.0,High
1659,0,0,1387.0,54795.36,2.0,4.0,4.0,8.0,Medium
289,0,18200,0.0,0.0,1.0,1.0,1.0,15.0,High
737,0,0,845.0,44514.06,2.0,4.0,4.0,8.0,Medium
1733,0,0,445.0,23514.64,2.0,3.0,3.0,10.0,Medium
278,0,0,796.0,69371.54,2.0,4.0,4.0,8.0,Medium
618,0,1,263.0,9315.66,2.0,2.0,2.0,12.0,High
753,0,1,368.0,15844.11,2.0,2.0,2.0,12.0,High
489,0,0,303.0,16538.9,2.0,2.0,2.0,12.0,High
90,0,0,466.0,26265.59,2.0,3.0,3.0,10.0,Medium
1264,0,18200,0.0,0.0,1.0,1.0,1.0,15.0,High
18,0,18200,0.0,0.0,1.0,1.0,1.0,15.0,High
376,0,0,989.0,42279.2,2.0,4.0,4.0,8.0,Medium
579,0,18200,0.0,0.0,1.0,1.0,1.0,15.0,High
218,0,0,455.0,19372.69,2.0,3.0,2.0,11.0,High
1320,0,18200,0.0,0.0,1.0,1.0,1.0,15.0,High
42,0,0,461.0,18839.32,2.0,3.0,2.0,11.0,High
1170,0,0,465.0,26582.09,2.0,3.0,3.0,10.0,Medium
1531,0,1,393.0,13100.69,2.0,2.0,2.0,12.0,High
1275,0,18200,0.0,0.0,1.0,1.0,1.0,15.0,High
26,0,18200,0.0,0.0,1.0,1.0,1.0,15.0,High
1937,0,0,477.0,32709.65,2.0,3.0,4.0,9.0,Medium
1177,0,0,592.0,24403.46,2.0,3.0,3.0,10.0,Medium
1032,0,18200,0.0,0.0,1.0,1.0,1.0,15.0,High
397,0,0,568.0,18871.28,2.0,3.0,2.0,11.0,High
566,0,0,959.0,37776.87,2.0,4.0,4.0,8.0,Medium
1581,0,0,963.0,23609.77,2.0,4.0,3.0,9.0,Medium
1332,0,0,418.0,21447.15,2.0,2.0,3.0,11.0,High
1648,0,0,1082.0,78924.27,2.0,4.0,4.0,8.0,Medium
17,0,0,913.0,46034.62,2.0,4.0,4.0,8.0,Medium
349,0,0,578.0,13981.06,2.0,3.0,2.0,11.0,High
1200,0,18200,0.0,0.0,1.0,1.0,1.0,15.0,High
228,0,18200,0.0,0.0,1.0,1.0,1.0,15.0,High
484,0,18200,0.0,0.0,1.0,1.0,1.0,15.0,High
1099,0,18200,0.0,0.0,1.0,1.0,1.0,15.0,High
1480,0,18200,0.0,0.0,1.0,1.0,1.0,15.0,High
1449,0,0,488.0,21198.23,2.0,3.0,3.0,10.0,Medium
1417,0,0,368.0,26639.13,2.0,2.0,3.0,11.0,High
267,0,0,202.0,8529.87,2.0,2.0,2.0,12.0,High
373,0,0,1023.0,48961.19,2.0,4.0,4.0,8.0,Medium
1772,0,0,870.0,35205.96,2.0,4.0,4.0,8.0,Medium
1418,0,18200,0.0,0.0,1.0,1.0,1.0,15.0,High
1774,0,0,497.0,23603.52,2.0,3.0,3.0,10.0,Medium
964,0,0,372.0,15817.98,2.0,2.0,2.0,12.0,High
72,0,18200,0.0,0.0,1.0,1.0,1.0,15.0,High
6,0,18200,0.0,0.0,1.0,1.0,1.0,15.0,High
1527,0,0,447.0,29668.71,2.0,3.0,3.0,10.0,Medium
1433,0,0,849.0,36865.84,2.0,4.0,4.0,8.0,Medium
1785,0,0,278.0,12084.66,2.0,2.0,2.0,12.0,High
1476,0,18200,0.0,0.0,1.0,1.0,1.0,15.0,High
455,0,0,438.0,34705.590000000004,2.0,3.0,4.0,9.0,Medium
1553,0,18200,0.0,0.0,1.0,1.0,1.0,15.0,High
532,0,18200,0.0,0.0,1.0,1.0,1.0,15.0,High
1092,0,18200,0.0,0.0,1.0,1.0,1.0,15.0,High
1819,0,18200,0.0,0.0,1.0,1.0,1.0,15.0,High
528,0,0,338.0,17129.58,2.0,2.0,2.0,12.0,High
328,0,0,431.0,32976.7,2.0,3.0,4.0,9.0,Medium
1282,0,0,500.0,23481.12,2.0,3.0,3.0,10.0,Medium
783,0,0,327.0,15633.27,2.0,2.0,2.0,12.0,High
1325,0,18200,0.0,0.0,1.0,1.0,1.0,15.0,High
687,0,18200,0.0,0.0,1.0,1.0,1.0,15.0,High
1693,0,0,408.0,25371.1,2.0,2.0,3.0,11.0,High
1542,0,0,314.0,12160.94,2.0,2.0,2.0,12.0,High
36,0,18200,0.0,0.0,1.0,1.0,1.0,15.0,High
360,0,0,746.0,25197.03,2.0,4.0,3.0,9.0,Medium
555,0,18200,0.0,0.0,1.0,1.0,1.0,15.0,High
136,0,18200,0.0,0.0,1.0,1.0,1.0,15.0,High
603,0,18200,0.0,0.0,1.0,1.0,1.0,15.0,High
1794,0,0,546.0,36331.44,2.0,3.0,4.0,9.0,Medium
329,0,0,923.0,39707.23,2.0,4.0,4.0,8.0,Medium
1181,0,0,454.0,28764.84,2.0,3.0,3.0,10.0,Medium
598,0,0,1330.0,62800.83,2.0,4.0,4.0,8.0,Medium
990,0,1,328.0,14635.89,2.0,2.0,2.0,12.0,High
1777,0,0,758.0,33618.45,2.0,4.0,4.0,8.0,Medium
998,0,18200,0.0,0.0,1.0,1.0,1.0,15.0,High
1872,0,1,479.0,27326.57,2.0,3.0,3.0,10.0,Medium
1743,0,18200,0.0,0.0,1.0,1.0,1.0,15.0,High
1000,0,18200,0.0,0.0,1.0,1.0,1.0,15.0,High
1708,0,18200,0.0,0.0,1.0,1.0,1.0,15.0,High
799,0,0,338.0,17977.7,2.0,2.0,2.0,12.0,High
144,0,0,916.0,37682.89,2.0,4.0,4.0,8.0,Medium
781,0,18200,0.0,0.0,1.0,1.0,1.0,15.0,High
1572,0,18200,0.0,0.0,1.0,1.0,1.0,15.0,High
793,0,0,412.0,19816.32,2.0,2.0,2.0,12.0,High
1681,0,18200,0.0,0.0,1.0,1.0,1.0,15.0,High
1179,0,0,291.0,19887.16,2.0,2.0,2.0,12.0,High
114,0,0,2022.0,100996.32,2.0,4.0,4.0,8.0,Medium
271,0,18200,0.0,0.0,1.0,1.0,1.0,15.0,High
1107,0,0,640.0,33119.06,2.0,4.0,4.0,8.0,Medium
517,0,0,327.0,10848.98,2.0,2.0,2.0,12.0,High
624,0,18200,0.0,0.0,1.0,1.0,1.0,15.0,High
1215,0,18200,0.0,0.0,1.0,1.0,1.0,15.0,High
1992,0,0,799.0,24651.38,2.0,4.0,3.0,9.0,Medium
968,0,18200,0.0,0.0,1.0,1.0,1.0,15.0,High
19,0,0,173.0,3161.27,2.0,1.0,1.0,14.0,High
1605,0,0,426.0,23147.97,2.0,2.0,3.0,11.0,High
463,0,18200,0.0,0.0,1.0,1.0,1.0,15.0,High
1365,0,18200,0.0,0.0,1.0,1.0,1.0,15.0,High
809,0,18200,0.0,0.0,1.0,1.0,1.0,15.0,High
590,0,18200,0.0,0.0,1.0,1.0,1.0,15.0,High
1904,0,0,914.0,43178.26,2.0,4.0,4.0,8.0,Medium
545,0,0,333.0,19799.04,2.0,2.0,2.0,12.0,High
789,0,0,393.0,19675.61,2.0,2.0,2.0,12.0,High
742,0,0,474.0,31082.420000000002,2.0,3.0,3.0,10.0,Medium
612,0,18200,0.0,0.0,1.0,1.0,1.0,15.0,High
536,0,18200,0.0,0.0,1.0,1.0,1.0,15.0,High
523,0,0,653.0,46891.49,2.0,4.0,4.0,8.0,Medium
928,0,0,400.0,20004.58,2.0,2.0,2.0,12.0,High
1642,0,0,578.0,19820.04,2.0,3.0,2.0,11.0,High
495,0,18200,0.0,0.0,1.0,1.0,1.0,15.0,High
166,0,18200,0.0,0.0,1.0,1.0,1.0,15.0,High
1277,0,18200,0.0,0.0,1.0,1.0,1.0,15.0,High
718,0,18200,0.0,0.0,1.0,1.0,1.0,15.0,High
1962,0,0,595.0,33268.69,2.0,3.0,4.0,9.0,Medium
133,0,0,453.0,28546.96,2.0,3.0,3.0,10.0,Medium
682,0,18200,0.0,0.0,1.0,1.0,1.0,15.0,High
795,0,0,838.0,52813.18,2.0,4.0,4.0,8.0,Medium
1849,0,0,564.0,23547.36,2.0,3.0,3.0,10.0,Medium
1732,0,18200,0.0,0.0,1.0,1.0,1.0,15.0,High
167,0,18200,0.0,0.0,1.0,1.0,1.0,15.0,High
1496,0,18200,0.0,0.0,1.0,1.0,1.0,15.0,High
853,0,18200,0.0,0.0,1.0,1.0,1.0,15.0,High
237,0,1,422.0,23806.22,2.0,2.0,3.0,11.0,High
769,0,18200,0.0,0.0,1.0,1.0,1.0,15.0,High
2,0,0,544.0,18662.59,2.0,3.0,2.0,11.0,High
313,0,0,460.0,19778.59,2.0,3.0,2.0,11.0,High
1624,0,18200,0.0,0.0,1.0,1.0,1.0,15.0,High
958,0,18200,0.0,0.0,1.0,1.0,1.0,15.0,High
989,0,0,567.0,74554.68,2.0,3.0,4.0,9.0,Medium
1562,0,0,344.0,15332.74,2.0,2.0,2.0,12.0,High
1983,0,0,546.0,30625.63,2.0,3.0,3.0,10.0,Medium
1091,0,1,358.0,20033.56,2.0,2.0,2.0,12.0,High
759,0,0,385.0,26803.96,2.0,2.0,3.0,11.0,High
779,0,0,913.0,47590.53,2.0,4.0,4.0,8.0,Medium
105,0,18200,0.0,0.0,1.0,1.0,1.0,15.0,High
1618,0,0,622.0,29150.39,2.0,4.0,3.0,9.0,Medium
1168,0,0,1527.0,133397.7,2.0,4.0,4.0,8.0,Medium
1237,0,0,1225.0,37294.44,2.0,4.0,4.0,8.0,Medium
699,0,0,576.0,17507.63,2.0,3.0,2.0,11.0,High
646,0,0,447.0,19495.5,2.0,3.0,2.0,11.0,High
499,0,18200,0.0,0.0,1.0,1.0,1.0,15.0,High
1403,0,0,892.0,59868.39,2.0,4.0,4.0,8.0,Medium
631,0,0,455.0,22863.59,2.0,3.0,3.0,10.0,Medium
1070,0,0,442.0,24559.16,2.0,3.0,3.0,10.0,Medium
291,0,0,764.0,33186.65,2.0,4.0,4.0,8.0,Medium
738,0,0,533.0,49073.08,2.0,3.0,4.0,9.0,Medium
142,0,0,621.0,36964.08,2.0,4.0,4.0,8.0,Medium
1375,0,18200,0.0,0.0,1.0,1.0,1.0,15.0,High
459,0,0,351.0,20143.27,2.0,2.0,2.0,12.0,High
281,0,18200,0.0,0.0,1.0,1.0,1.0,15.0,High
498,0,18200,0.0,0.0,1.0,1.0,1.0,15.0,High
55,0,0,676.0,19415.15,2.0,4.0,2.0,10.0,Medium
1370,0,0,555.0,37579.39,2.0,3.0,4.0,9.0,Medium
897,0,0,383.0,12900.5,2.0,2.0,2.0,12.0,High
262,0,18200,0.0,0.0,1.0,1.0,1.0,15.0,High
1781,0,0,337.0,14462.3,2.0,2.0,2.0,12.0,High
457,0,0,457.0,42385.159999999996,2.0,3.0,4.0,9.0,Medium
160,0,0,567.0,22718.43,2.0,3.0,3.0,10.0,Medium
1655,0,18200,0.0,0.0,1.0,1.0,1.0,15.0,High
984,0,0,626.0,42097.7,2.0,4.0,4.0,8.0,Medium
1329,0,18200,0.0,0.0,1.0,1.0,1.0,15.0,High
1535,0,1,425.0,18561.15,2.0,2.0,2.0,12.0,High
1220,0,18200,0.0,0.0,1.0,1.0,1.0,15.0,High
833,0,18200,0.0,0.0,1.0,1.0,1.0,15.0,High
295,0,18200,0.0,0.0,1.0,1.0,1.0,15.0,High
1434,0,0,201.0,12829.26,2.0,2.0,2.0,12.0,High
208,0,0,1565.0,111327.69,2.0,4.0,4.0,8.0,Medium
1909,0,0,1022.0,27080.48,2.0,4.0,3.0,9.0,Medium
1356,0,0,457.0,18827.25,2.0,3.0,2.0,11.0,High
265,0,1,441.0,19359.4,2.0,3.0,2.0,11.0,High
1947,0,18200,0.0,0.0,1.0,1.0,1.0,15.0,High
1089,0,0,448.0,29251.6,2.0,3.0,3.0,10.0,Medium
1790,0,18200,0.0,0.0,1.0,1.0,1.0,15.0,High
1999,0,18200,0.0,0.0,1.0,1.0,1.0,15.0,High
614,0,0,589.0,21210.55,2.0,3.0,3.0,10.0,Medium
814,0,0,593.0,22628.45,2.0,3.0,3.0,10.0,Medium
175,0,18200,0.0,0.0,1.0,1.0,1.0,15.0,High
305,0,0,674.0,17334.3,2.0,4.0,2.0,10.0,Medium
1225,0,0,777.0,39090.24,2.0,4.0,4.0,8.0,Medium
1405,0,0,577.0,35336.43,2.0,3.0,4.0,9.0,Medium
1478,0,0,443.0,21605.14,2.0,3.0,3.0,10.0,Medium
1920,0,0,856.0,45669.47,2.0,4.0,4.0,8.0,Medium
241,0,0,585.0,26605.11,2.0,3.0,3.0,10.0,Medium
331,0,0,254.0,16480.66,2.0,2.0,2.0,12.0,High
8,0,18200,0.0,0.0,1.0,1.0,1.0,15.0,High
1354,0,18200,0.0,0.0,1.0,1.0,1.0,15.0,High
1258,0,0,592.0,24975.89,2.0,3.0,3.0,10.0,Medium
919,0,18200,0.0,0.0,1.0,1.0,1.0,15.0,High
1447,0,18200,0.0,0.0,1.0,1.0,1.0,15.0,High
902,0,18200,0.0,0.0,1.0,1.0,1.0,15.0,High
1318,0,18200,0.0,0.0,1.0,1.0,1.0,15.0,High
1545,0,18200,0.0,0.0,1.0,1.0,1.0,15.0,High
1001,0,18200,0.0,0.0,1.0,1.0,1.0,15.0,High
1315,0,0,642.0,18930.05,2.0,4.0,2.0,10.0,Medium
323,0,0,861.0,42507.73,2.0,4.0,4.0,8.0,Medium
625,0,18200,0.0,0.0,1.0,1.0,1.0,15.0,High
979,0,0,300.0,21295.36,2.0,2.0,3.0,11.0,High
537,0,18200,0.0,0.0,1.0,1.0,1.0,15.0,High
1096,0,0,846.0,45071.39,2.0,4.0,4.0,8.0,Medium
1347,0,0,387.0,24962.61,2.0,2.0,3.0,11.0,High
1395,0,18200,0.0,0.0,1.0,1.0,1.0,15.0,High
1614,0,18200,0.0,0.0,1.0,1.0,1.0,15.0,High
1212,0,18200,0.0,0.0,1.0,1.0,1.0,15.0,High
1588,0,18200,0.0,0.0,1.0,1.0,1.0,15.0,High
121,0,0,517.0,29670.14,2.0,3.0,3.0,10.0,Medium
1773,0,18200,0.0,0.0,1.0,1.0,1.0,15.0,High
1859,0,0,489.0,22106.51,2.0,3.0,3.0,10.0,Medium
1339,0,18200,0.0,0.0,1.0,1.0,1.0,15.0,High
1894,0,18200,0.0,0.0,1.0,1.0,1.0,15.0,High
77,0,0,646.0,53472.26,2.0,4.0,4.0,8.0,Medium
1222,0,0,665.0,25645.28,2.0,4.0,3.0,9.0,Medium
363,0,0,266.0,3807.62,2.0,2.0,1.0,13.0,High
634,0,0,468.0,26191.92,2.0,3.0,3.0,10.0,Medium
628,0,0,410.0,42542.98,2.0,2.0,4.0,10.0,Medium
756,0,2,284.0,33103.67,2.0,2.0,4.0,10.0,Medium
971,0,18200,0.0,0.0,1.0,1.0,1.0,15.0,High
111,0,18200,0.0,0.0,1.0,1.0,1.0,15.0,High
312,0,18200,0.0,0.0,1.0,1.0,1.0,15.0,High
1627,0,18200,0.0,0.0,1.0,1.0,1.0,15.0,High
1359,0,18200,0.0,0.0,1.0,1.0,1.0,15.0,High
174,0,18200,0.0,0.0,1.0,1.0,1.0,15.0,High
420,0,18200,0.0,0.0,1.0,1.0,1.0,15.0,High
488,0,0,1210.0,84135.7,2.0,4.0,4.0,8.0,Medium
7,0,18200,0.0,0.0,1.0,1.0,1.0,15.0,High
863,0,0,387.0,16477.52,2.0,2.0,2.0,12.0,High
1854,0,0,505.0,38850.09,2.0,3.0,4.0,9.0,Medium
1041,0,0,406.0,19528.04,2.0,2.0,2.0,12.0,High
1616,0,0,612.0,40747.58,2.0,3.0,4.0,9.0,Medium
1805,0,0,384.0,12807.11,2.0,2.0,2.0,12.0,High
1284,0,0,365.0,23905.73,2.0,2.0,3.0,11.0,High
1735,0,0,420.0,16741.86,2.0,2.0,2.0,12.0,High
1528,0,0,1073.0,63523.34,2.0,4.0,4.0,8.0,Medium
1278,0,18200,0.0,0.0,1.0,1.0,1.0,15.0,High
591,0,18200,0.0,0.0,1.0,1.0,1.0,15.0,High
97,0,18200,0.0,0.0,1.0,1.0,1.0,15.0,High
31,0,18200,0.0,0.0,1.0,1.0,1.0,15.0,High
1380,0,18200,0.0,0.0,1.0,1.0,1.0,15.0,High
1240,0,0,511.0,19772.38,2.0,3.0,2.0,11.0,High
932,0,0,698.0,40196.21,2.0,4.0,4.0,8.0,Medium
378,0,18200,0.0,0.0,1.0,1.0,1.0,15.0,High
647,0,0,756.0,40953.11,2.0,4.0,4.0,8.0,Medium
391,0,1,318.0,22696.079999999998,2.0,2.0,3.0,11.0,High
588,0,18200,0.0,0.0,1.0,1.0,1.0,15.0,High
986,0,0,548.0,18925.82,2.0,3.0,2.0,11.0,High
1944,0,0,521.0,27533.05,2.0,3.0,3.0,10.0,Medium
185,0,0,649.0,21812.25,2.0,4.0,3.0,9.0,Medium
1007,0,18200,0.0,0.0,1.0,1.0,1.0,15.0,High
1110,0,18200,0.0,0.0,1.0,1.0,1.0,15.0,High
